candidateKey,itemSetId,name,dbcItems,visibleMembers,appearances,classMode,decision,reasonCode
itemset:1,1,角斗士,5,5,5,ANY,accepted,COMPLETE_VISIBLE_MAPPING_AND_RESOLVED_CLASS_POLICY
itemset:41,41,雷德双刀,2,2,2,ANY,accepted,COMPLETE_VISIBLE_MAPPING_AND_RESOLVED_CLASS_POLICY
itemset:65,65,蜘蛛之吻,2,1,2,ANY,accepted,COMPLETE_VISIBLE_MAPPING_AND_RESOLVED_CLASS_POLICY
itemset:81,81,邮差,5,4,4,ANY,accepted,COMPLETE_VISIBLE_MAPPING_AND_RESOLVED_CLASS_POLICY
itemset:121,121,苍白,5,5,5,ANY,accepted,COMPLETE_VISIBLE_MAPPING_AND_RESOLVED_CLASS_POLICY
itemset:122,122,骨堆,5,5,5,ANY,accepted,COMPLETE_VISIBLE_MAPPING_AND_RESOLVED_CLASS_POLICY
itemset:123,123,血链,5,5,5,ANY,accepted,COMPLETE_VISIBLE_MAPPING_AND_RESOLVED_CLASS_POLICY
itemset:124,124,亡者之骨,5,5,5,ANY,accepted,COMPLETE_VISIBLE_MAPPING_AND_RESOLVED_CLASS_POLICY
itemset:141,141,火山,3,3,3,ANY,accepted,COMPLETE_VISIBLE_MAPPING_AND_RESOLVED_CLASS_POLICY
itemset:142,142,雷暴,4,4,4,ANY,accepted,COMPLETE_VISIBLE_MAPPING_AND_RESOLVED_CLASS_POLICY
itemset:143,143,魔暴龙护甲,2,2,2,ANY,accepted,COMPLETE_VISIBLE_MAPPING_AND_RESOLVED_CLASS_POLICY
itemset:144,144,铁羽护甲,2,2,2,ANY,accepted,COMPLETE_VISIBLE_MAPPING_AND_RESOLVED_CLASS_POLICY
itemset:161,161,迪菲亚皮甲,5,5,5,ANY,accepted,COMPLETE_VISIBLE_MAPPING_AND_RESOLVED_CLASS_POLICY
itemset:162,162,毒蛇的拥抱,5,5,5,ANY,accepted,COMPLETE_VISIBLE_MAPPING_AND_RESOLVED_CLASS_POLICY
itemset:163,163,血色十字军链甲,6,6,6,ANY,accepted,COMPLETE_VISIBLE_MAPPING_AND_RESOLVED_CLASS_POLICY
itemset:181,181,博学者的徽记,8,8,8,ANY,accepted,COMPLETE_VISIBLE_MAPPING_AND_RESOLVED_CLASS_POLICY
itemset:182,182,虔诚,8,8,8,ANY,accepted,COMPLETE_VISIBLE_MAPPING_AND_RESOLVED_CLASS_POLICY
itemset:183,183,鬼雾,8,8,8,ANY,accepted,COMPLETE_VISIBLE_MAPPING_AND_RESOLVED_CLASS_POLICY
itemset:184,184,迅影,8,8,8,ANY,accepted,COMPLETE_VISIBLE_MAPPING_AND_RESOLVED_CLASS_POLICY
itemset:185,185,野性之心,8,8,8,ANY,accepted,COMPLETE_VISIBLE_MAPPING_AND_RESOLVED_CLASS_POLICY
itemset:186,186,野兽追猎者,8,8,8,ANY,accepted,COMPLETE_VISIBLE_MAPPING_AND_RESOLVED_CLASS_POLICY
itemset:187,187,元素,8,8,8,ANY,accepted,COMPLETE_VISIBLE_MAPPING_AND_RESOLVED_CLASS_POLICY
itemset:188,188,光铸护甲,8,8,8,ANY,accepted,COMPLETE_VISIBLE_MAPPING_AND_RESOLVED_CLASS_POLICY
itemset:189,189,勇气,8,8,8,ANY,accepted,COMPLETE_VISIBLE_MAPPING_AND_RESOLVED_CLASS_POLICY
itemset:201,201,奥术师,8,8,8,ALLOW_LIST,accepted,COMPLETE_VISIBLE_MAPPING_AND_RESOLVED_CLASS_POLICY
itemset:202,202,预言,8,8,8,ALLOW_LIST,accepted,COMPLETE_VISIBLE_MAPPING_AND_RESOLVED_CLASS_POLICY
itemset:203,203,恶魔之心,8,8,8,ALLOW_LIST,accepted,COMPLETE_VISIBLE_MAPPING_AND_RESOLVED_CLASS_POLICY
itemset:204,204,夜幕杀手,8,8,8,ALLOW_LIST,accepted,COMPLETE_VISIBLE_MAPPING_AND_RESOLVED_CLASS_POLICY
itemset:205,205,塞纳里奥,8,8,8,ALLOW_LIST,accepted,COMPLETE_VISIBLE_MAPPING_AND_RESOLVED_CLASS_POLICY
itemset:206,206,巨人追猎者,8,8,8,ALLOW_LIST,accepted,COMPLETE_VISIBLE_MAPPING_AND_RESOLVED_CLASS_POLICY
itemset:207,207,大地之怒,8,8,8,ALLOW_LIST,accepted,COMPLETE_VISIBLE_MAPPING_AND_RESOLVED_CLASS_POLICY
itemset:208,208,秩序之源,8,8,8,ALLOW_LIST,accepted,COMPLETE_VISIBLE_MAPPING_AND_RESOLVED_CLASS_POLICY
itemset:209,209,力量,8,8,8,ALLOW_LIST,accepted,COMPLETE_VISIBLE_MAPPING_AND_RESOLVED_CLASS_POLICY
itemset:210,210,灵风,8,8,8,ALLOW_LIST,accepted,COMPLETE_VISIBLE_MAPPING_AND_RESOLVED_CLASS_POLICY
itemset:211,211,卓越,8,8,8,ALLOW_LIST,accepted,COMPLETE_VISIBLE_MAPPING_AND_RESOLVED_CLASS_POLICY
itemset:212,212,复仇,8,8,8,ALLOW_LIST,accepted,COMPLETE_VISIBLE_MAPPING_AND_RESOLVED_CLASS_POLICY
itemset:213,213,血牙,8,8,8,ALLOW_LIST,accepted,COMPLETE_VISIBLE_MAPPING_AND_RESOLVED_CLASS_POLICY
itemset:214,214,怒风,8,8,8,ALLOW_LIST,accepted,COMPLETE_VISIBLE_MAPPING_AND_RESOLVED_CLASS_POLICY
itemset:215,215,巨龙追猎者,8,8,8,ALLOW_LIST,accepted,COMPLETE_VISIBLE_MAPPING_AND_RESOLVED_CLASS_POLICY
itemset:216,216,无尽风暴,8,8,8,ALLOW_LIST,accepted,COMPLETE_VISIBLE_MAPPING_AND_RESOLVED_CLASS_POLICY
itemset:217,217,审判,8,8,8,ALLOW_LIST,accepted,COMPLETE_VISIBLE_MAPPING_AND_RESOLVED_CLASS_POLICY
itemset:218,218,愤怒,8,8,8,ALLOW_LIST,accepted,COMPLETE_VISIBLE_MAPPING_AND_RESOLVED_CLASS_POLICY
itemset:221,221,塞奥沙套装,6,6,6,ALLOW_LIST,accepted,COMPLETE_VISIBLE_MAPPING_AND_RESOLVED_CLASS_POLICY
itemset:241,241,天神碎片,2,0,0,UNRESOLVED,deferred,FEWER_THAN_TWO_VISIBLE_CANONICAL_APPEARANCES
itemset:261,261,艾斯卡达尔之魂,2,2,2,ANY,accepted,COMPLETE_VISIBLE_MAPPING_AND_RESOLVED_CLASS_POLICY
itemset:281,281,勇士的战甲,6,6,6,ALLOW_LIST,accepted,COMPLETE_VISIBLE_MAPPING_AND_RESOLVED_CLASS_POLICY
itemset:282,282,少校的战甲,6,6,6,ALLOW_LIST,accepted,COMPLETE_VISIBLE_MAPPING_AND_RESOLVED_CLASS_POLICY
itemset:301,301,勇士的震撼,6,6,6,ALLOW_LIST,accepted,COMPLETE_VISIBLE_MAPPING_AND_RESOLVED_CLASS_POLICY
itemset:321,321,君王板甲,7,7,7,ANY,accepted,COMPLETE_VISIBLE_MAPPING_AND_RESOLVED_CLASS_POLICY
itemset:341,341,勇士的法衣,6,6,6,ALLOW_LIST,accepted,COMPLETE_VISIBLE_MAPPING_AND_RESOLVED_CLASS_POLICY
itemset:342,342,勇士的神服,6,6,6,ALLOW_LIST,accepted,COMPLETE_VISIBLE_MAPPING_AND_RESOLVED_CLASS_POLICY
itemset:343,343,少校的法衣,6,6,6,ALLOW_LIST,accepted,COMPLETE_VISIBLE_MAPPING_AND_RESOLVED_CLASS_POLICY
itemset:344,344,少校的神服,6,6,6,ALLOW_LIST,accepted,COMPLETE_VISIBLE_MAPPING_AND_RESOLVED_CLASS_POLICY
itemset:345,345,勇士的魔装,6,6,6,ALLOW_LIST,accepted,COMPLETE_VISIBLE_MAPPING_AND_RESOLVED_CLASS_POLICY
itemset:346,346,少校的魔装,6,6,6,ALLOW_LIST,accepted,COMPLETE_VISIBLE_MAPPING_AND_RESOLVED_CLASS_POLICY
itemset:347,347,勇士的制服,6,6,6,ALLOW_LIST,accepted,COMPLETE_VISIBLE_MAPPING_AND_RESOLVED_CLASS_POLICY
itemset:348,348,少校的制服,6,6,6,ALLOW_LIST,accepted,COMPLETE_VISIBLE_MAPPING_AND_RESOLVED_CLASS_POLICY
itemset:361,361,勇士的猎装,6,6,6,ALLOW_LIST,accepted,COMPLETE_VISIBLE_MAPPING_AND_RESOLVED_CLASS_POLICY
itemset:362,362,少校的猎装,6,6,6,ALLOW_LIST,accepted,COMPLETE_VISIBLE_MAPPING_AND_RESOLVED_CLASS_POLICY
itemset:381,381,少校的圣装,6,6,6,ALLOW_LIST,accepted,COMPLETE_VISIBLE_MAPPING_AND_RESOLVED_CLASS_POLICY
itemset:382,382,勇士的圣装,6,6,6,ALLOW_LIST,accepted,COMPLETE_VISIBLE_MAPPING_AND_RESOLVED_CLASS_POLICY
itemset:383,383,督军的战甲,6,6,6,ALLOW_LIST,accepted,COMPLETE_VISIBLE_MAPPING_AND_RESOLVED_CLASS_POLICY
itemset:384,384,元帅的战甲,6,6,6,ALLOW_LIST,accepted,COMPLETE_VISIBLE_MAPPING_AND_RESOLVED_CLASS_POLICY
itemset:386,386,督军的震撼,6,6,6,ALLOW_LIST,accepted,COMPLETE_VISIBLE_MAPPING_AND_RESOLVED_CLASS_POLICY
itemset:387,387,督军的法衣,6,6,6,ALLOW_LIST,accepted,COMPLETE_VISIBLE_MAPPING_AND_RESOLVED_CLASS_POLICY
itemset:388,388,元帅的法衣,6,6,6,ALLOW_LIST,accepted,COMPLETE_VISIBLE_MAPPING_AND_RESOLVED_CLASS_POLICY
itemset:389,389,元帅的神服,6,6,6,ALLOW_LIST,accepted,COMPLETE_VISIBLE_MAPPING_AND_RESOLVED_CLASS_POLICY
itemset:390,390,督军的神服,6,6,6,ALLOW_LIST,accepted,COMPLETE_VISIBLE_MAPPING_AND_RESOLVED_CLASS_POLICY
itemset:391,391,督军的魔装,6,6,6,ALLOW_LIST,accepted,COMPLETE_VISIBLE_MAPPING_AND_RESOLVED_CLASS_POLICY
itemset:392,392,元帅的魔装,6,6,6,ALLOW_LIST,accepted,COMPLETE_VISIBLE_MAPPING_AND_RESOLVED_CLASS_POLICY
itemset:393,393,督军的制服,6,6,6,ALLOW_LIST,accepted,COMPLETE_VISIBLE_MAPPING_AND_RESOLVED_CLASS_POLICY
itemset:394,394,元帅的制服,6,6,6,ALLOW_LIST,accepted,COMPLETE_VISIBLE_MAPPING_AND_RESOLVED_CLASS_POLICY
itemset:395,395,元帅的猎装,6,6,6,ALLOW_LIST,accepted,COMPLETE_VISIBLE_MAPPING_AND_RESOLVED_CLASS_POLICY
itemset:396,396,督军的猎装,6,6,6,ALLOW_LIST,accepted,COMPLETE_VISIBLE_MAPPING_AND_RESOLVED_CLASS_POLICY
itemset:397,397,元帅的圣装,6,6,6,ALLOW_LIST,accepted,COMPLETE_VISIBLE_MAPPING_AND_RESOLVED_CLASS_POLICY
itemset:398,398,督军的圣装,6,6,6,ALLOW_LIST,accepted,COMPLETE_VISIBLE_MAPPING_AND_RESOLVED_CLASS_POLICY
itemset:401,401,少校的庇护,6,6,6,ALLOW_LIST,accepted,COMPLETE_VISIBLE_MAPPING_AND_RESOLVED_CLASS_POLICY
itemset:402,402,元帅的庇护,6,6,6,ALLOW_LIST,accepted,COMPLETE_VISIBLE_MAPPING_AND_RESOLVED_CLASS_POLICY
itemset:421,421,血藤,3,3,3,ANY,accepted,COMPLETE_VISIBLE_MAPPING_AND_RESOLVED_CLASS_POLICY
itemset:441,441,原始蝙蝠皮套装,3,3,3,ANY,accepted,COMPLETE_VISIBLE_MAPPING_AND_RESOLVED_CLASS_POLICY
itemset:442,442,血虎,2,2,2,ANY,accepted,COMPLETE_VISIBLE_MAPPING_AND_RESOLVED_CLASS_POLICY
itemset:443,443,血魂的拥抱,3,3,3,ANY,accepted,COMPLETE_VISIBLE_MAPPING_AND_RESOLVED_CLASS_POLICY
itemset:444,444,黑暗之魂,3,3,3,ANY,accepted,COMPLETE_VISIBLE_MAPPING_AND_RESOLVED_CLASS_POLICY
itemset:461,461,哈卡莱双刃,2,2,2,ANY,accepted,COMPLETE_VISIBLE_MAPPING_AND_RESOLVED_CLASS_POLICY
itemset:462,462,赞吉尔的专注,2,0,0,UNRESOLVED,deferred,FEWER_THAN_TWO_VISIBLE_CANONICAL_APPEARANCES
itemset:463,463,原始祝福,2,2,2,ANY,accepted,COMPLETE_VISIBLE_MAPPING_AND_RESOLVED_CLASS_POLICY
itemset:464,464,督军的决心,2,0,0,UNRESOLVED,deferred,FEWER_THAN_TWO_VISIBLE_CANONICAL_APPEARANCES
itemset:465,465,远古祷言,2,0,0,UNRESOLVED,deferred,FEWER_THAN_TWO_VISIBLE_CANONICAL_APPEARANCES
itemset:466,466,极效魔精套装,2,0,0,UNRESOLVED,deferred,FEWER_THAN_TWO_VISIBLE_CANONICAL_APPEARANCES
itemset:467,467,高地人的决心,3,3,3,ALLOW_LIST,accepted,COMPLETE_VISIBLE_MAPPING_AND_RESOLVED_CLASS_POLICY
itemset:468,468,高地人的执著,3,3,3,ALLOW_LIST,accepted,COMPLETE_VISIBLE_MAPPING_AND_RESOLVED_CLASS_POLICY
itemset:469,469,高地人的果断,3,3,3,ALLOW_LIST,accepted,COMPLETE_VISIBLE_MAPPING_AND_RESOLVED_CLASS_POLICY
itemset:470,470,高地人的坚韧,3,3,3,ALLOW_LIST,accepted,COMPLETE_VISIBLE_MAPPING_AND_RESOLVED_CLASS_POLICY
itemset:471,471,高地人的毅力,3,3,3,ALLOW_LIST,accepted,COMPLETE_VISIBLE_MAPPING_AND_RESOLVED_CLASS_POLICY
itemset:472,472,高地人的意志,3,3,3,ALLOW_LIST,accepted,COMPLETE_VISIBLE_MAPPING_AND_RESOLVED_CLASS_POLICY
itemset:473,473,高地人的专注,3,3,3,ALLOW_LIST,accepted,COMPLETE_VISIBLE_MAPPING_AND_RESOLVED_CLASS_POLICY
itemset:474,474,辩护者重甲,5,3,3,ALLOW_LIST,accepted,COMPLETE_VISIBLE_MAPPING_AND_RESOLVED_CLASS_POLICY
itemset:475,475,思考者护甲,5,3,3,ALLOW_LIST,accepted,COMPLETE_VISIBLE_MAPPING_AND_RESOLVED_CLASS_POLICY
itemset:476,476,预言者套装,5,3,3,ALLOW_LIST,accepted,COMPLETE_VISIBLE_MAPPING_AND_RESOLVED_CLASS_POLICY
itemset:477,477,捕猎者套装,5,3,3,ALLOW_LIST,accepted,COMPLETE_VISIBLE_MAPPING_AND_RESOLVED_CLASS_POLICY
itemset:478,478,狂妄者套装,5,3,3,ALLOW_LIST,accepted,COMPLETE_VISIBLE_MAPPING_AND_RESOLVED_CLASS_POLICY
itemset:479,479,占卜师套装,5,3,3,ALLOW_LIST,accepted,COMPLETE_VISIBLE_MAPPING_AND_RESOLVED_CLASS_POLICY
itemset:480,480,忏悔者衣饰,5,3,3,ALLOW_LIST,accepted,COMPLETE_VISIBLE_MAPPING_AND_RESOLVED_CLASS_POLICY
itemset:481,481,恶魔师护甲,5,3,3,ALLOW_LIST,accepted,COMPLETE_VISIBLE_MAPPING_AND_RESOLVED_CLASS_POLICY
itemset:482,482,幻术师套装,5,3,3,ALLOW_LIST,accepted,COMPLETE_VISIBLE_MAPPING_AND_RESOLVED_CLASS_POLICY
itemset:483,483,污染者的果断,3,3,3,ALLOW_LIST,accepted,COMPLETE_VISIBLE_MAPPING_AND_RESOLVED_CLASS_POLICY
itemset:484,484,污染者的坚韧,3,3,3,ALLOW_LIST,accepted,COMPLETE_VISIBLE_MAPPING_AND_RESOLVED_CLASS_POLICY
itemset:485,485,污染者的专注,3,3,3,ALLOW_LIST,accepted,COMPLETE_VISIBLE_MAPPING_AND_RESOLVED_CLASS_POLICY
itemset:486,486,污染者的毅力,3,3,3,ALLOW_LIST,accepted,COMPLETE_VISIBLE_MAPPING_AND_RESOLVED_CLASS_POLICY
itemset:487,487,污染者的决心,3,3,3,ALLOW_LIST,accepted,COMPLETE_VISIBLE_MAPPING_AND_RESOLVED_CLASS_POLICY
itemset:488,488,污染者的意志,3,3,3,ALLOW_LIST,accepted,COMPLETE_VISIBLE_MAPPING_AND_RESOLVED_CLASS_POLICY
itemset:489,489,黑龙锁甲,4,4,4,ANY,accepted,COMPLETE_VISIBLE_MAPPING_AND_RESOLVED_CLASS_POLICY
itemset:490,490,绿龙锁甲,3,3,3,ANY,accepted,COMPLETE_VISIBLE_MAPPING_AND_RESOLVED_CLASS_POLICY
itemset:491,491,蓝龙锁甲,3,3,3,ANY,accepted,COMPLETE_VISIBLE_MAPPING_AND_RESOLVED_CLASS_POLICY
itemset:492,492,暮光套装,3,3,3,ANY,accepted,COMPLETE_VISIBLE_MAPPING_AND_RESOLVED_CLASS_POLICY
itemset:493,493,起源套装,5,5,5,ALLOW_LIST,accepted,COMPLETE_VISIBLE_MAPPING_AND_RESOLVED_CLASS_POLICY
itemset:494,494,不灭的生命,3,2,2,ALLOW_LIST,accepted,COMPLETE_VISIBLE_MAPPING_AND_RESOLVED_CLASS_POLICY
itemset:495,495,坚定的力量,3,2,2,ALLOW_LIST,accepted,COMPLETE_VISIBLE_MAPPING_AND_RESOLVED_CLASS_POLICY
itemset:496,496,征服者,5,5,5,ALLOW_LIST,accepted,COMPLETE_VISIBLE_MAPPING_AND_RESOLVED_CLASS_POLICY
itemset:497,497,死亡执行者的拥抱,5,5,5,ALLOW_LIST,accepted,COMPLETE_VISIBLE_MAPPING_AND_RESOLVED_CLASS_POLICY
itemset:498,498,笼罩之阴影,3,2,2,ALLOW_LIST,accepted,COMPLETE_VISIBLE_MAPPING_AND_RESOLVED_CLASS_POLICY
itemset:499,499,厄运召唤者,5,5,5,ALLOW_LIST,accepted,COMPLETE_VISIBLE_MAPPING_AND_RESOLVED_CLASS_POLICY
itemset:500,500,禁断的邪语,3,2,2,ALLOW_LIST,accepted,COMPLETE_VISIBLE_MAPPING_AND_RESOLVED_CLASS_POLICY
itemset:501,501,风暴召唤者,5,5,5,ALLOW_LIST,accepted,COMPLETE_VISIBLE_MAPPING_AND_RESOLVED_CLASS_POLICY
itemset:502,502,聚集的风暴,3,2,2,ALLOW_LIST,accepted,COMPLETE_VISIBLE_MAPPING_AND_RESOLVED_CLASS_POLICY
itemset:503,503,神秘套装,5,5,5,ALLOW_LIST,accepted,COMPLETE_VISIBLE_MAPPING_AND_RESOLVED_CLASS_POLICY
itemset:504,504,魔法的秘密,3,2,2,ALLOW_LIST,accepted,COMPLETE_VISIBLE_MAPPING_AND_RESOLVED_CLASS_POLICY
itemset:505,505,复仇者,5,5,5,ALLOW_LIST,accepted,COMPLETE_VISIBLE_MAPPING_AND_RESOLVED_CLASS_POLICY
itemset:506,506,永恒的公正,3,2,2,ALLOW_LIST,accepted,COMPLETE_VISIBLE_MAPPING_AND_RESOLVED_CLASS_POLICY
itemset:507,507,神谕者,5,5,5,ALLOW_LIST,accepted,COMPLETE_VISIBLE_MAPPING_AND_RESOLVED_CLASS_POLICY
itemset:508,508,无尽的智慧,3,2,2,ALLOW_LIST,accepted,COMPLETE_VISIBLE_MAPPING_AND_RESOLVED_CLASS_POLICY
itemset:509,509,攻击者,5,5,5,ALLOW_LIST,accepted,COMPLETE_VISIBLE_MAPPING_AND_RESOLVED_CLASS_POLICY
itemset:510,510,隐秘的通途,3,2,2,ALLOW_LIST,accepted,COMPLETE_VISIBLE_MAPPING_AND_RESOLVED_CLASS_POLICY
itemset:511,511,英勇,8,8,8,ANY,accepted,COMPLETE_VISIBLE_MAPPING_AND_RESOLVED_CLASS_POLICY
itemset:512,512,暗幕,8,8,8,ANY,accepted,COMPLETE_VISIBLE_MAPPING_AND_RESOLVED_CLASS_POLICY
itemset:513,513,狂野之心,8,8,8,ANY,accepted,COMPLETE_VISIBLE_MAPPING_AND_RESOLVED_CLASS_POLICY
itemset:514,514,坚贞,8,8,8,ANY,accepted,COMPLETE_VISIBLE_MAPPING_AND_RESOLVED_CLASS_POLICY
itemset:515,515,兽王,8,8,8,ANY,accepted,COMPLETE_VISIBLE_MAPPING_AND_RESOLVED_CLASS_POLICY
itemset:516,516,魂铸,8,8,8,ANY,accepted,COMPLETE_VISIBLE_MAPPING_AND_RESOLVED_CLASS_POLICY
itemset:517,517,巫师,8,8,8,ANY,accepted,COMPLETE_VISIBLE_MAPPING_AND_RESOLVED_CLASS_POLICY
itemset:518,518,死雾,8,8,8,ANY,accepted,COMPLETE_VISIBLE_MAPPING_AND_RESOLVED_CLASS_POLICY
itemset:519,519,五雷,8,8,8,ANY,accepted,COMPLETE_VISIBLE_MAPPING_AND_RESOLVED_CLASS_POLICY
itemset:520,520,铁纹作战套装,8,8,8,ALLOW_LIST,accepted,COMPLETE_VISIBLE_MAPPING_AND_RESOLVED_CLASS_POLICY
itemset:521,521,梦游者,9,8,8,ANY,accepted,COMPLETE_VISIBLE_MAPPING_AND_RESOLVED_CLASS_POLICY
itemset:522,522,勇士的套装,6,6,6,ALLOW_LIST,accepted,COMPLETE_VISIBLE_MAPPING_AND_RESOLVED_CLASS_POLICY
itemset:523,523,无畏,9,8,8,ANY,accepted,COMPLETE_VISIBLE_MAPPING_AND_RESOLVED_CLASS_POLICY
itemset:524,524,骨镰,9,8,8,ANY,accepted,COMPLETE_VISIBLE_MAPPING_AND_RESOLVED_CLASS_POLICY
itemset:525,525,信仰,9,8,8,ANY,accepted,COMPLETE_VISIBLE_MAPPING_AND_RESOLVED_CLASS_POLICY
itemset:526,526,霜火,9,8,8,ANY,accepted,COMPLETE_VISIBLE_MAPPING_AND_RESOLVED_CLASS_POLICY
itemset:527,527,碎地者,9,8,8,ANY,accepted,COMPLETE_VISIBLE_MAPPING_AND_RESOLVED_CLASS_POLICY
itemset:528,528,救赎,9,8,8,ANY,accepted,COMPLETE_VISIBLE_MAPPING_AND_RESOLVED_CLASS_POLICY
itemset:529,529,瘟疫之心,9,8,8,ANY,accepted,COMPLETE_VISIBLE_MAPPING_AND_RESOLVED_CLASS_POLICY
itemset:530,530,地穴追猎者,9,8,8,ANY,accepted,COMPLETE_VISIBLE_MAPPING_AND_RESOLVED_CLASS_POLICY
itemset:533,533,亡灵毁灭者,3,3,3,ANY,accepted,COMPLETE_VISIBLE_MAPPING_AND_RESOLVED_CLASS_POLICY
itemset:534,534,亡灵屠戮者的护甲,3,3,3,ANY,accepted,COMPLETE_VISIBLE_MAPPING_AND_RESOLVED_CLASS_POLICY
itemset:535,535,亡灵屠戮者的装备,3,3,3,ANY,accepted,COMPLETE_VISIBLE_MAPPING_AND_RESOLVED_CLASS_POLICY
itemset:536,536,亡灵净化者,3,3,3,ANY,accepted,COMPLETE_VISIBLE_MAPPING_AND_RESOLVED_CLASS_POLICY
itemset:537,537,勇士的战铠,6,6,6,ALLOW_LIST,accepted,COMPLETE_VISIBLE_MAPPING_AND_RESOLVED_CLASS_POLICY
itemset:538,538,勇士的风暴,6,6,6,ALLOW_LIST,accepted,COMPLETE_VISIBLE_MAPPING_AND_RESOLVED_CLASS_POLICY
itemset:539,539,勇士的庇护,6,6,6,ALLOW_LIST,accepted,COMPLETE_VISIBLE_MAPPING_AND_RESOLVED_CLASS_POLICY
itemset:540,540,勇士的授权,6,6,6,ALLOW_LIST,accepted,COMPLETE_VISIBLE_MAPPING_AND_RESOLVED_CLASS_POLICY
itemset:541,541,勇士的鬼纹,6,6,6,ALLOW_LIST,accepted,COMPLETE_VISIBLE_MAPPING_AND_RESOLVED_CLASS_POLICY
itemset:542,542,勇士的秘密,6,6,6,ALLOW_LIST,accepted,COMPLETE_VISIBLE_MAPPING_AND_RESOLVED_CLASS_POLICY
itemset:543,543,勇士的职责,6,6,6,ALLOW_LIST,accepted,COMPLETE_VISIBLE_MAPPING_AND_RESOLVED_CLASS_POLICY
itemset:544,544,少校的壁垒,6,6,6,ALLOW_LIST,accepted,COMPLETE_VISIBLE_MAPPING_AND_RESOLVED_CLASS_POLICY
itemset:545,545,少校的战铠,6,6,6,ALLOW_LIST,accepted,COMPLETE_VISIBLE_MAPPING_AND_RESOLVED_CLASS_POLICY
itemset:546,546,少校的秘密,6,6,6,ALLOW_LIST,accepted,COMPLETE_VISIBLE_MAPPING_AND_RESOLVED_CLASS_POLICY
itemset:547,547,少校的鬼纹,6,6,6,ALLOW_LIST,accepted,COMPLETE_VISIBLE_MAPPING_AND_RESOLVED_CLASS_POLICY
itemset:548,548,少校的护卫,6,6,6,ALLOW_LIST,accepted,COMPLETE_VISIBLE_MAPPING_AND_RESOLVED_CLASS_POLICY
itemset:549,549,少校的授权,6,6,6,ALLOW_LIST,accepted,COMPLETE_VISIBLE_MAPPING_AND_RESOLVED_CLASS_POLICY
itemset:550,550,少校的职责,6,6,6,ALLOW_LIST,accepted,COMPLETE_VISIBLE_MAPPING_AND_RESOLVED_CLASS_POLICY
itemset:551,551,少校的庇护,6,6,6,ALLOW_LIST,accepted,COMPLETE_VISIBLE_MAPPING_AND_RESOLVED_CLASS_POLICY
itemset:552,552,魔焰之怒,3,3,3,ANY,accepted,COMPLETE_VISIBLE_MAPPING_AND_RESOLVED_CLASS_POLICY
itemset:553,553,暗影之拥,3,3,3,ANY,accepted,COMPLETE_VISIBLE_MAPPING_AND_RESOLVED_CLASS_POLICY
itemset:554,554,原始月布,3,3,3,ANY,accepted,COMPLETE_VISIBLE_MAPPING_AND_RESOLVED_CLASS_POLICY
itemset:555,555,灵纹套装,7,6,7,ANY,accepted,COMPLETE_VISIBLE_MAPPING_AND_RESOLVED_CLASS_POLICY
itemset:556,556,魔化灵纹套装,4,3,4,ANY,accepted,COMPLETE_VISIBLE_MAPPING_AND_RESOLVED_CLASS_POLICY
itemset:557,557,灵魂布之拥,3,3,3,ANY,accepted,COMPLETE_VISIBLE_MAPPING_AND_RESOLVED_CLASS_POLICY
itemset:558,558,奥法交织套装,3,3,3,ANY,accepted,COMPLETE_VISIBLE_MAPPING_AND_RESOLVED_CLASS_POLICY
itemset:559,559,法术打击,2,2,2,ANY,accepted,COMPLETE_VISIBLE_MAPPING_AND_RESOLVED_CLASS_POLICY
itemset:560,560,魔铁板甲,5,5,5,ANY,accepted,COMPLETE_VISIBLE_MAPPING_AND_RESOLVED_CLASS_POLICY
itemset:561,561,魔铁链甲,4,4,4,ANY,accepted,COMPLETE_VISIBLE_MAPPING_AND_RESOLVED_CLASS_POLICY
itemset:562,562,精金战甲,3,3,3,ANY,accepted,COMPLETE_VISIBLE_MAPPING_AND_RESOLVED_CLASS_POLICY
itemset:563,563,魔化精金套装,4,4,4,ANY,accepted,COMPLETE_VISIBLE_MAPPING_AND_RESOLVED_CLASS_POLICY
itemset:564,564,烈焰卫士,4,4,4,ANY,accepted,COMPLETE_VISIBLE_MAPPING_AND_RESOLVED_CLASS_POLICY
itemset:565,565,氪金套装,3,3,3,ANY,accepted,COMPLETE_VISIBLE_MAPPING_AND_RESOLVED_CLASS_POLICY
itemset:566,566,钢铁之怒,4,4,4,ANY,accepted,COMPLETE_VISIBLE_MAPPING_AND_RESOLVED_CLASS_POLICY
itemset:567,567,角斗士的战甲,5,5,5,ALLOW_LIST,accepted,COMPLETE_VISIBLE_MAPPING_AND_RESOLVED_CLASS_POLICY
itemset:568,568,角斗士的鬼纹,5,5,5,ALLOW_LIST,accepted,COMPLETE_VISIBLE_MAPPING_AND_RESOLVED_CLASS_POLICY
itemset:569,569,魔钢的信仰,3,3,3,ANY,accepted,COMPLETE_VISIBLE_MAPPING_AND_RESOLVED_CLASS_POLICY
itemset:570,570,不屈的力量,2,2,2,ANY,accepted,COMPLETE_VISIBLE_MAPPING_AND_RESOLVED_CLASS_POLICY
itemset:571,571,白色治愈,2,2,2,ANY,accepted,COMPLETE_VISIBLE_MAPPING_AND_RESOLVED_CLASS_POLICY
itemset:572,572,战斗施法套装,2,2,2,ANY,accepted,COMPLETE_VISIBLE_MAPPING_AND_RESOLVED_CLASS_POLICY
itemset:573,573,魔能之肤,3,3,3,ANY,accepted,COMPLETE_VISIBLE_MAPPING_AND_RESOLVED_CLASS_POLICY
itemset:574,574,裂蹄之力,3,3,3,ANY,accepted,COMPLETE_VISIBLE_MAPPING_AND_RESOLVED_CLASS_POLICY
itemset:575,575,魔能猎手,3,3,3,ANY,accepted,COMPLETE_VISIBLE_MAPPING_AND_RESOLVED_CLASS_POLICY
itemset:576,576,虚空之怒,3,3,3,ANY,accepted,COMPLETE_VISIBLE_MAPPING_AND_RESOLVED_CLASS_POLICY
itemset:577,577,角斗士的套装,5,5,5,ALLOW_LIST,accepted,COMPLETE_VISIBLE_MAPPING_AND_RESOLVED_CLASS_POLICY
itemset:578,578,角斗士的震撼,5,5,5,ALLOW_LIST,accepted,COMPLETE_VISIBLE_MAPPING_AND_RESOLVED_CLASS_POLICY
itemset:579,579,角斗士的法衣,5,5,5,ALLOW_LIST,accepted,COMPLETE_VISIBLE_MAPPING_AND_RESOLVED_CLASS_POLICY
itemset:580,580,角斗士的雷霆之拳,5,5,5,ALLOW_LIST,accepted,COMPLETE_VISIBLE_MAPPING_AND_RESOLVED_CLASS_POLICY
itemset:581,581,角斗士的神服,5,5,5,ALLOW_LIST,accepted,COMPLETE_VISIBLE_MAPPING_AND_RESOLVED_CLASS_POLICY
itemset:582,582,角斗士的保护,5,5,5,ALLOW_LIST,accepted,COMPLETE_VISIBLE_MAPPING_AND_RESOLVED_CLASS_POLICY
itemset:583,583,角斗士的辩护,5,5,5,ALLOW_LIST,accepted,COMPLETE_VISIBLE_MAPPING_AND_RESOLVED_CLASS_POLICY
itemset:584,584,角斗士的圣装,5,5,5,ALLOW_LIST,accepted,COMPLETE_VISIBLE_MAPPING_AND_RESOLVED_CLASS_POLICY
itemset:585,585,角斗士的野性之皮,5,5,5,ALLOW_LIST,accepted,COMPLETE_VISIBLE_MAPPING_AND_RESOLVED_CLASS_POLICY
itemset:586,586,角斗士的猎装,5,5,5,ALLOW_LIST,accepted,COMPLETE_VISIBLE_MAPPING_AND_RESOLVED_CLASS_POLICY
itemset:587,587,高阶督军的保护,5,5,5,ALLOW_LIST,accepted,COMPLETE_VISIBLE_MAPPING_AND_RESOLVED_CLASS_POLICY
itemset:588,588,高阶督军的战甲,5,5,5,ALLOW_LIST,accepted,COMPLETE_VISIBLE_MAPPING_AND_RESOLVED_CLASS_POLICY
itemset:589,589,大元帅的保护,5,5,5,ALLOW_LIST,accepted,COMPLETE_VISIBLE_MAPPING_AND_RESOLVED_CLASS_POLICY
itemset:590,590,大元帅的战甲,5,5,5,ALLOW_LIST,accepted,COMPLETE_VISIBLE_MAPPING_AND_RESOLVED_CLASS_POLICY
itemset:591,591,大元帅的鬼纹,5,5,5,ALLOW_LIST,accepted,COMPLETE_VISIBLE_MAPPING_AND_RESOLVED_CLASS_POLICY
itemset:592,592,高阶督军的鬼纹,5,5,5,ALLOW_LIST,accepted,COMPLETE_VISIBLE_MAPPING_AND_RESOLVED_CLASS_POLICY
itemset:593,593,大元帅的震撼,5,5,5,ALLOW_LIST,accepted,COMPLETE_VISIBLE_MAPPING_AND_RESOLVED_CLASS_POLICY
itemset:594,594,高阶督军的震撼,5,5,5,ALLOW_LIST,accepted,COMPLETE_VISIBLE_MAPPING_AND_RESOLVED_CLASS_POLICY
itemset:595,595,大元帅的猎装,5,5,5,ALLOW_LIST,accepted,COMPLETE_VISIBLE_MAPPING_AND_RESOLVED_CLASS_POLICY
itemset:596,596,高阶督军的猎装,5,5,5,ALLOW_LIST,accepted,COMPLETE_VISIBLE_MAPPING_AND_RESOLVED_CLASS_POLICY
itemset:597,597,大元帅的神服,5,5,5,ALLOW_LIST,accepted,COMPLETE_VISIBLE_MAPPING_AND_RESOLVED_CLASS_POLICY
itemset:598,598,高阶督军的神服,5,5,5,ALLOW_LIST,accepted,COMPLETE_VISIBLE_MAPPING_AND_RESOLVED_CLASS_POLICY
itemset:599,599,大元帅的法衣,5,5,5,ALLOW_LIST,accepted,COMPLETE_VISIBLE_MAPPING_AND_RESOLVED_CLASS_POLICY
itemset:600,600,高阶督军的法衣,5,5,5,ALLOW_LIST,accepted,COMPLETE_VISIBLE_MAPPING_AND_RESOLVED_CLASS_POLICY
itemset:601,601,大元帅的圣装,5,5,5,ALLOW_LIST,accepted,COMPLETE_VISIBLE_MAPPING_AND_RESOLVED_CLASS_POLICY
itemset:602,602,高阶督军的圣装,5,5,5,ALLOW_LIST,accepted,COMPLETE_VISIBLE_MAPPING_AND_RESOLVED_CLASS_POLICY
itemset:603,603,大元帅的雷霆之拳,5,5,5,ALLOW_LIST,accepted,COMPLETE_VISIBLE_MAPPING_AND_RESOLVED_CLASS_POLICY
itemset:604,604,高阶督军的雷霆之拳,5,5,5,ALLOW_LIST,accepted,COMPLETE_VISIBLE_MAPPING_AND_RESOLVED_CLASS_POLICY
itemset:605,605,大元帅的制服,5,5,5,ALLOW_LIST,accepted,COMPLETE_VISIBLE_MAPPING_AND_RESOLVED_CLASS_POLICY
itemset:606,606,高阶督军的制服,5,5,5,ALLOW_LIST,accepted,COMPLETE_VISIBLE_MAPPING_AND_RESOLVED_CLASS_POLICY
itemset:607,607,大元帅的辩护,5,5,5,ALLOW_LIST,accepted,COMPLETE_VISIBLE_MAPPING_AND_RESOLVED_CLASS_POLICY
itemset:608,608,高阶督军的辩护,5,5,5,ALLOW_LIST,accepted,COMPLETE_VISIBLE_MAPPING_AND_RESOLVED_CLASS_POLICY
itemset:609,609,大元帅的野性之皮,5,5,5,ALLOW_LIST,accepted,COMPLETE_VISIBLE_MAPPING_AND_RESOLVED_CLASS_POLICY
itemset:610,610,高阶督军的野性之皮,5,5,5,ALLOW_LIST,accepted,COMPLETE_VISIBLE_MAPPING_AND_RESOLVED_CLASS_POLICY
itemset:611,611,魔鳞套装,4,4,4,ANY,accepted,COMPLETE_VISIBLE_MAPPING_AND_RESOLVED_CLASS_POLICY
itemset:612,612,缀鳞德拉诺套装,4,4,4,ANY,accepted,COMPLETE_VISIBLE_MAPPING_AND_RESOLVED_CLASS_POLICY
itemset:613,613,厚重德莱尼套装,4,4,4,ANY,accepted,COMPLETE_VISIBLE_MAPPING_AND_RESOLVED_CLASS_POLICY
itemset:614,614,野性德莱尼套装,4,4,4,ANY,accepted,COMPLETE_VISIBLE_MAPPING_AND_RESOLVED_CLASS_POLICY
itemset:615,615,角斗士的魔能套装,5,5,5,ALLOW_LIST,accepted,COMPLETE_VISIBLE_MAPPING_AND_RESOLVED_CLASS_POLICY
itemset:616,616,虚空之鳞,3,3,3,ANY,accepted,COMPLETE_VISIBLE_MAPPING_AND_RESOLVED_CLASS_POLICY
itemset:617,617,虚空打击,3,3,3,ANY,accepted,COMPLETE_VISIBLE_MAPPING_AND_RESOLVED_CLASS_POLICY
itemset:618,618,风鹰,3,3,3,ANY,accepted,COMPLETE_VISIBLE_MAPPING_AND_RESOLVED_CLASS_POLICY
itemset:619,619,原始打击,3,3,3,ANY,accepted,COMPLETE_VISIBLE_MAPPING_AND_RESOLVED_CLASS_POLICY
itemset:620,620,刺杀,5,5,5,ANY,accepted,COMPLETE_VISIBLE_MAPPING_AND_RESOLVED_CLASS_POLICY
itemset:621,621,虚空刀锋,5,5,5,ALLOW_LIST,accepted,COMPLETE_VISIBLE_MAPPING_AND_RESOLVED_CLASS_POLICY
itemset:622,622,死亡阴影,5,5,5,ALLOW_LIST,accepted,COMPLETE_VISIBLE_MAPPING_AND_RESOLVED_CLASS_POLICY
itemset:623,623,正义,5,5,5,ANY,accepted,COMPLETE_VISIBLE_MAPPING_AND_RESOLVED_CLASS_POLICY
itemset:624,624,公正圣装,5,5,5,ALLOW_LIST,accepted,COMPLETE_VISIBLE_MAPPING_AND_RESOLVED_CLASS_POLICY
itemset:625,625,公正护甲,5,5,5,ALLOW_LIST,accepted,COMPLETE_VISIBLE_MAPPING_AND_RESOLVED_CLASS_POLICY
itemset:626,626,公正战甲,5,5,5,ALLOW_LIST,accepted,COMPLETE_VISIBLE_MAPPING_AND_RESOLVED_CLASS_POLICY
itemset:627,627,晶铸圣装,5,5,5,ALLOW_LIST,accepted,COMPLETE_VISIBLE_MAPPING_AND_RESOLVED_CLASS_POLICY
itemset:628,628,晶铸护甲,5,5,5,ALLOW_LIST,accepted,COMPLETE_VISIBLE_MAPPING_AND_RESOLVED_CLASS_POLICY
itemset:629,629,晶铸战甲,5,5,5,ALLOW_LIST,accepted,COMPLETE_VISIBLE_MAPPING_AND_RESOLVED_CLASS_POLICY
itemset:630,630,潮汐之怒,5,5,5,ANY,accepted,COMPLETE_VISIBLE_MAPPING_AND_RESOLVED_CLASS_POLICY
itemset:631,631,飓风圣装,5,5,5,ALLOW_LIST,accepted,COMPLETE_VISIBLE_MAPPING_AND_RESOLVED_CLASS_POLICY
itemset:632,632,飓风法衣,5,5,5,ALLOW_LIST,accepted,COMPLETE_VISIBLE_MAPPING_AND_RESOLVED_CLASS_POLICY
itemset:633,633,飓风甲胄,5,5,5,ALLOW_LIST,accepted,COMPLETE_VISIBLE_MAPPING_AND_RESOLVED_CLASS_POLICY
itemset:634,634,灾难圣装,5,5,5,ALLOW_LIST,accepted,COMPLETE_VISIBLE_MAPPING_AND_RESOLVED_CLASS_POLICY
itemset:635,635,灾难法衣,5,5,5,ALLOW_LIST,accepted,COMPLETE_VISIBLE_MAPPING_AND_RESOLVED_CLASS_POLICY
itemset:636,636,灾难甲胄,5,5,5,ALLOW_LIST,accepted,COMPLETE_VISIBLE_MAPPING_AND_RESOLVED_CLASS_POLICY
itemset:637,637,月光林地,5,5,5,ANY,accepted,COMPLETE_VISIBLE_MAPPING_AND_RESOLVED_CLASS_POLICY
itemset:638,638,玛洛恩圣装,5,5,5,ALLOW_LIST,accepted,COMPLETE_VISIBLE_MAPPING_AND_RESOLVED_CLASS_POLICY
itemset:639,639,玛洛恩法衣,5,5,5,ALLOW_LIST,accepted,COMPLETE_VISIBLE_MAPPING_AND_RESOLVED_CLASS_POLICY
itemset:640,640,玛洛恩甲胄,5,5,5,ALLOW_LIST,accepted,COMPLETE_VISIBLE_MAPPING_AND_RESOLVED_CLASS_POLICY
itemset:641,641,诺达希尔甲胄,5,5,5,ALLOW_LIST,accepted,COMPLETE_VISIBLE_MAPPING_AND_RESOLVED_CLASS_POLICY
itemset:642,642,诺达希尔圣装,5,5,5,ALLOW_LIST,accepted,COMPLETE_VISIBLE_MAPPING_AND_RESOLVED_CLASS_POLICY
itemset:643,643,诺达希尔法衣,5,5,5,ALLOW_LIST,accepted,COMPLETE_VISIBLE_MAPPING_AND_RESOLVED_CLASS_POLICY
itemset:644,644,湮灭,5,5,5,ANY,accepted,COMPLETE_VISIBLE_MAPPING_AND_RESOLVED_CLASS_POLICY
itemset:645,645,虚空之心,5,5,5,ALLOW_LIST,accepted,COMPLETE_VISIBLE_MAPPING_AND_RESOLVED_CLASS_POLICY
itemset:646,646,腐蚀者,5,5,5,ALLOW_LIST,accepted,COMPLETE_VISIBLE_MAPPING_AND_RESOLVED_CLASS_POLICY
itemset:647,647,魔咒师,5,5,5,ANY,accepted,COMPLETE_VISIBLE_MAPPING_AND_RESOLVED_CLASS_POLICY
itemset:648,648,奥尔多魔装,5,5,5,ALLOW_LIST,accepted,COMPLETE_VISIBLE_MAPPING_AND_RESOLVED_CLASS_POLICY
itemset:649,649,提瑞斯法,5,5,5,ALLOW_LIST,accepted,COMPLETE_VISIBLE_MAPPING_AND_RESOLVED_CLASS_POLICY
itemset:650,650,巨兽之王,5,5,5,ANY,accepted,COMPLETE_VISIBLE_MAPPING_AND_RESOLVED_CLASS_POLICY
itemset:651,651,恶魔追猎者,5,5,5,ALLOW_LIST,accepted,COMPLETE_VISIBLE_MAPPING_AND_RESOLVED_CLASS_POLICY
itemset:652,652,裂隙追猎者,5,5,5,ALLOW_LIST,accepted,COMPLETE_VISIBLE_MAPPING_AND_RESOLVED_CLASS_POLICY
itemset:653,653,鲁莽套装,5,5,5,ANY,accepted,COMPLETE_VISIBLE_MAPPING_AND_RESOLVED_CLASS_POLICY
itemset:654,654,战神护甲,5,5,5,ALLOW_LIST,accepted,COMPLETE_VISIBLE_MAPPING_AND_RESOLVED_CLASS_POLICY
itemset:655,655,战神战甲,5,5,5,ALLOW_LIST,accepted,COMPLETE_VISIBLE_MAPPING_AND_RESOLVED_CLASS_POLICY
itemset:656,656,毁灭者护甲,5,5,5,ALLOW_LIST,accepted,COMPLETE_VISIBLE_MAPPING_AND_RESOLVED_CLASS_POLICY
itemset:657,657,毁灭者战甲,5,5,5,ALLOW_LIST,accepted,COMPLETE_VISIBLE_MAPPING_AND_RESOLVED_CLASS_POLICY
itemset:658,658,法力蚀刻魔装,5,5,5,ANY,accepted,COMPLETE_VISIBLE_MAPPING_AND_RESOLVED_CLASS_POLICY
itemset:659,659,废土行者,5,5,5,ANY,accepted,COMPLETE_VISIBLE_MAPPING_AND_RESOLVED_CLASS_POLICY
itemset:660,660,荒芜战甲,5,5,5,ANY,accepted,COMPLETE_VISIBLE_MAPPING_AND_RESOLVED_CLASS_POLICY
itemset:661,661,末日板甲,5,5,5,ANY,accepted,COMPLETE_VISIBLE_MAPPING_AND_RESOLVED_CLASS_POLICY
itemset:662,662,圣徒,5,5,5,ANY,accepted,COMPLETE_VISIBLE_MAPPING_AND_RESOLVED_CLASS_POLICY
itemset:663,663,化身圣装,5,5,5,ALLOW_LIST,accepted,COMPLETE_VISIBLE_MAPPING_AND_RESOLVED_CLASS_POLICY
itemset:664,664,化身法衣,5,5,5,ALLOW_LIST,accepted,COMPLETE_VISIBLE_MAPPING_AND_RESOLVED_CLASS_POLICY
itemset:665,665,神使圣装,5,5,5,ALLOW_LIST,accepted,COMPLETE_VISIBLE_MAPPING_AND_RESOLVED_CLASS_POLICY
itemset:666,666,神使法衣,5,5,5,ALLOW_LIST,accepted,COMPLETE_VISIBLE_MAPPING_AND_RESOLVED_CLASS_POLICY
itemset:667,667,双子星,2,0,0,UNRESOLVED,deferred,FEWER_THAN_TWO_VISIBLE_CANONICAL_APPEARANCES
itemset:668,668,刺杀者,8,8,8,ALLOW_LIST,accepted,COMPLETE_VISIBLE_MAPPING_AND_RESOLVED_CLASS_POLICY
itemset:669,669,戈隆追猎者,8,8,8,ALLOW_LIST,accepted,COMPLETE_VISIBLE_MAPPING_AND_RESOLVED_CLASS_POLICY
itemset:670,670,凶星,8,8,8,ALLOW_LIST,accepted,COMPLETE_VISIBLE_MAPPING_AND_RESOLVED_CLASS_POLICY
itemset:671,671,风暴,8,8,8,ALLOW_LIST,accepted,COMPLETE_VISIBLE_MAPPING_AND_RESOLVED_CLASS_POLICY
itemset:672,672,冲锋战甲,8,8,8,ALLOW_LIST,accepted,COMPLETE_VISIBLE_MAPPING_AND_RESOLVED_CLASS_POLICY
itemset:673,673,冲锋护甲,8,8,8,ALLOW_LIST,accepted,COMPLETE_VISIBLE_MAPPING_AND_RESOLVED_CLASS_POLICY
itemset:674,674,赦免法衣,8,8,8,ALLOW_LIST,accepted,COMPLETE_VISIBLE_MAPPING_AND_RESOLVED_CLASS_POLICY
itemset:675,675,赦免圣装,8,8,8,ALLOW_LIST,accepted,COMPLETE_VISIBLE_MAPPING_AND_RESOLVED_CLASS_POLICY
itemset:676,676,雷霆之心甲胄,8,8,8,ALLOW_LIST,accepted,COMPLETE_VISIBLE_MAPPING_AND_RESOLVED_CLASS_POLICY
itemset:677,677,雷霆之心法衣,8,8,8,ALLOW_LIST,accepted,COMPLETE_VISIBLE_MAPPING_AND_RESOLVED_CLASS_POLICY
itemset:678,678,雷霆之心圣服,8,8,8,ALLOW_LIST,accepted,COMPLETE_VISIBLE_MAPPING_AND_RESOLVED_CLASS_POLICY
itemset:679,679,光明使者护甲,8,8,8,ALLOW_LIST,accepted,COMPLETE_VISIBLE_MAPPING_AND_RESOLVED_CLASS_POLICY
itemset:680,680,光明使者战甲,8,8,8,ALLOW_LIST,accepted,COMPLETE_VISIBLE_MAPPING_AND_RESOLVED_CLASS_POLICY
itemset:681,681,光明使者圣服,8,8,8,ALLOW_LIST,accepted,COMPLETE_VISIBLE_MAPPING_AND_RESOLVED_CLASS_POLICY
itemset:682,682,破天甲胄,8,8,8,ALLOW_LIST,accepted,COMPLETE_VISIBLE_MAPPING_AND_RESOLVED_CLASS_POLICY
itemset:683,683,破天圣服,8,8,8,ALLOW_LIST,accepted,COMPLETE_VISIBLE_MAPPING_AND_RESOLVED_CLASS_POLICY
itemset:684,684,破天法衣,8,8,8,ALLOW_LIST,accepted,COMPLETE_VISIBLE_MAPPING_AND_RESOLVED_CLASS_POLICY
itemset:685,685,角斗士的庇护,5,5,5,ALLOW_LIST,accepted,COMPLETE_VISIBLE_MAPPING_AND_RESOLVED_CLASS_POLICY
itemset:686,686,角斗士的战争之潮,5,5,5,ALLOW_LIST,accepted,COMPLETE_VISIBLE_MAPPING_AND_RESOLVED_CLASS_POLICY
itemset:687,687,角斗士的天职,5,5,5,ALLOW_LIST,accepted,COMPLETE_VISIBLE_MAPPING_AND_RESOLVED_CLASS_POLICY
itemset:688,688,大元帅的庇护,5,5,5,ALLOW_LIST,accepted,COMPLETE_VISIBLE_MAPPING_AND_RESOLVED_CLASS_POLICY
itemset:689,689,高阶督军的庇护,5,5,5,ALLOW_LIST,accepted,COMPLETE_VISIBLE_MAPPING_AND_RESOLVED_CLASS_POLICY
itemset:690,690,角斗士的救赎,5,5,5,ALLOW_LIST,accepted,COMPLETE_VISIBLE_MAPPING_AND_RESOLVED_CLASS_POLICY
itemset:691,691,大元帅的天职,5,5,5,ALLOW_LIST,accepted,COMPLETE_VISIBLE_MAPPING_AND_RESOLVED_CLASS_POLICY
itemset:692,692,高阶督军的天职,5,5,5,ALLOW_LIST,accepted,COMPLETE_VISIBLE_MAPPING_AND_RESOLVED_CLASS_POLICY
itemset:693,693,大元帅的救赎,5,5,5,ALLOW_LIST,accepted,COMPLETE_VISIBLE_MAPPING_AND_RESOLVED_CLASS_POLICY
itemset:694,694,高阶督军的救赎,5,5,5,ALLOW_LIST,accepted,COMPLETE_VISIBLE_MAPPING_AND_RESOLVED_CLASS_POLICY
itemset:695,695,大元帅的战争之潮,5,5,5,ALLOW_LIST,accepted,COMPLETE_VISIBLE_MAPPING_AND_RESOLVED_CLASS_POLICY
itemset:696,696,高阶督军的战争之潮,5,5,5,ALLOW_LIST,accepted,COMPLETE_VISIBLE_MAPPING_AND_RESOLVED_CLASS_POLICY
itemset:697,697,勇士的壁垒,6,6,6,ALLOW_LIST,accepted,COMPLETE_VISIBLE_MAPPING_AND_RESOLVED_CLASS_POLICY
itemset:698,698,督军的保护,6,6,6,ALLOW_LIST,accepted,COMPLETE_VISIBLE_MAPPING_AND_RESOLVED_CLASS_POLICY
itemset:699,699,埃辛诺斯双刃,2,2,2,ALLOW_LIST,accepted,COMPLETE_VISIBLE_MAPPING_AND_RESOLVED_CLASS_POLICY
itemset:700,700,残酷角斗士的保护,0,0,0,UNRESOLVED,excluded,EMPTY_ITEMSET_ROW
itemset:701,701,残酷角斗士的战甲,0,0,0,UNRESOLVED,excluded,EMPTY_ITEMSET_ROW
itemset:702,702,残酷角斗士的鬼纹,0,0,0,UNRESOLVED,excluded,EMPTY_ITEMSET_ROW
itemset:703,703,残酷角斗士的震撼,0,0,0,UNRESOLVED,excluded,EMPTY_ITEMSET_ROW
itemset:704,704,残酷角斗士的魔能套装,0,0,0,UNRESOLVED,excluded,EMPTY_ITEMSET_ROW
itemset:705,705,残酷角斗士的天职,0,0,0,UNRESOLVED,excluded,EMPTY_ITEMSET_ROW
itemset:706,706,残酷角斗士的猎装,0,0,0,UNRESOLVED,excluded,EMPTY_ITEMSET_ROW
itemset:707,707,残酷角斗士的神服,0,0,0,UNRESOLVED,excluded,EMPTY_ITEMSET_ROW
itemset:708,708,残酷角斗士的救赎,0,0,0,UNRESOLVED,excluded,EMPTY_ITEMSET_ROW
itemset:709,709,残酷角斗士的庇护,0,0,0,UNRESOLVED,excluded,EMPTY_ITEMSET_ROW
itemset:710,710,残酷角斗士的法衣,0,0,0,UNRESOLVED,excluded,EMPTY_ITEMSET_ROW
itemset:711,711,残酷角斗士的圣装,0,0,0,UNRESOLVED,excluded,EMPTY_ITEMSET_ROW
itemset:712,712,残酷角斗士的雷霆之拳,0,0,0,UNRESOLVED,excluded,EMPTY_ITEMSET_ROW
itemset:713,713,残酷角斗士的套装,0,0,0,UNRESOLVED,excluded,EMPTY_ITEMSET_ROW
itemset:714,714,残酷角斗士的辩护,0,0,0,UNRESOLVED,excluded,EMPTY_ITEMSET_ROW
itemset:715,715,残酷角斗士的战争之潮,0,0,0,UNRESOLVED,excluded,EMPTY_ITEMSET_ROW
itemset:716,716,残酷角斗士的野性之皮,0,0,0,UNRESOLVED,excluded,EMPTY_ITEMSET_ROW
itemset:717,717,元帅的震撼,6,6,6,ALLOW_LIST,accepted,COMPLETE_VISIBLE_MAPPING_AND_RESOLVED_CLASS_POLICY
itemset:718,718,少校的震撼,6,6,6,ALLOW_LIST,accepted,COMPLETE_VISIBLE_MAPPING_AND_RESOLVED_CLASS_POLICY
itemset:719,719,愤怒之拳,2,2,2,ANY,accepted,COMPLETE_VISIBLE_MAPPING_AND_RESOLVED_CLASS_POLICY
itemset:720,720,复仇角斗士的庇护,0,0,0,UNRESOLVED,excluded,EMPTY_ITEMSET_ROW
itemset:721,721,复仇角斗士的圣装,0,0,0,UNRESOLVED,excluded,EMPTY_ITEMSET_ROW
itemset:722,722,复仇角斗士的野性之皮,0,0,0,UNRESOLVED,excluded,EMPTY_ITEMSET_ROW
itemset:723,723,复仇角斗士的猎装,0,0,0,UNRESOLVED,excluded,EMPTY_ITEMSET_ROW
itemset:724,724,复仇角斗士的法衣,0,0,0,UNRESOLVED,excluded,EMPTY_ITEMSET_ROW
itemset:725,725,复仇角斗士的救赎,0,0,0,UNRESOLVED,excluded,EMPTY_ITEMSET_ROW
itemset:726,726,复仇角斗士的辩护,0,0,0,UNRESOLVED,excluded,EMPTY_ITEMSET_ROW
itemset:727,727,复仇角斗士的保护,0,0,0,UNRESOLVED,excluded,EMPTY_ITEMSET_ROW
itemset:728,728,复仇角斗士的天职,0,0,0,UNRESOLVED,excluded,EMPTY_ITEMSET_ROW
itemset:729,729,复仇角斗士的神服,0,0,0,UNRESOLVED,excluded,EMPTY_ITEMSET_ROW
itemset:730,730,复仇角斗士的套装,0,0,0,UNRESOLVED,excluded,EMPTY_ITEMSET_ROW
itemset:731,731,复仇角斗士的战争之潮,0,0,0,UNRESOLVED,excluded,EMPTY_ITEMSET_ROW
itemset:732,732,复仇角斗士的震撼,0,0,0,UNRESOLVED,excluded,EMPTY_ITEMSET_ROW
itemset:733,733,复仇角斗士的雷霆之拳,0,0,0,UNRESOLVED,excluded,EMPTY_ITEMSET_ROW
itemset:734,734,复仇角斗士的鬼纹,0,0,0,UNRESOLVED,excluded,EMPTY_ITEMSET_ROW
itemset:735,735,复仇角斗士的魔能套装,0,0,0,UNRESOLVED,excluded,EMPTY_ITEMSET_ROW
itemset:736,736,复仇角斗士的战甲,0,0,0,UNRESOLVED,excluded,EMPTY_ITEMSET_ROW
itemset:737,737,拉托恩的疾风,2,1,1,ANY,deferred,FEWER_THAN_TWO_VISIBLE_CANONICAL_APPEARANCES
itemset:738,738,鬼纹战衣,5,5,5,ALLOW_LIST,accepted,COMPLETE_VISIBLE_MAPPING_AND_RESOLVED_CLASS_POLICY
itemset:739,739,月布战衣,5,5,5,ALLOW_LIST,accepted,COMPLETE_VISIBLE_MAPPING_AND_RESOLVED_CLASS_POLICY
itemset:740,740,绸缎战衣,5,5,5,ALLOW_LIST,accepted,COMPLETE_VISIBLE_MAPPING_AND_RESOLVED_CLASS_POLICY
itemset:741,741,唤魔者的丝质战衣,5,5,5,ALLOW_LIST,accepted,COMPLETE_VISIBLE_MAPPING_AND_RESOLVED_CLASS_POLICY
itemset:742,742,龙皮战甲,5,5,5,ALLOW_LIST,accepted,COMPLETE_VISIBLE_MAPPING_AND_RESOLVED_CLASS_POLICY
itemset:743,743,蟒皮战甲,5,5,5,ALLOW_LIST,accepted,COMPLETE_VISIBLE_MAPPING_AND_RESOLVED_CLASS_POLICY
itemset:744,744,科多皮战甲,5,5,5,ALLOW_LIST,accepted,COMPLETE_VISIBLE_MAPPING_AND_RESOLVED_CLASS_POLICY
itemset:745,745,投机者的战甲,5,5,5,ALLOW_LIST,accepted,COMPLETE_VISIBLE_MAPPING_AND_RESOLVED_CLASS_POLICY
itemset:746,746,先知的锁甲,5,5,5,ALLOW_LIST,accepted,COMPLETE_VISIBLE_MAPPING_AND_RESOLVED_CLASS_POLICY
itemset:747,747,先知的环甲,5,5,5,ALLOW_LIST,accepted,COMPLETE_VISIBLE_MAPPING_AND_RESOLVED_CLASS_POLICY
itemset:748,748,先知的鳞甲,5,5,5,ALLOW_LIST,accepted,COMPLETE_VISIBLE_MAPPING_AND_RESOLVED_CLASS_POLICY
itemset:749,749,追猎者的锁甲,5,5,5,ALLOW_LIST,accepted,COMPLETE_VISIBLE_MAPPING_AND_RESOLVED_CLASS_POLICY
itemset:750,750,野蛮板甲,5,5,5,ALLOW_LIST,accepted,COMPLETE_VISIBLE_MAPPING_AND_RESOLVED_CLASS_POLICY
itemset:751,751,十字军的雕饰板甲,5,5,5,ALLOW_LIST,accepted,COMPLETE_VISIBLE_MAPPING_AND_RESOLVED_CLASS_POLICY
itemset:752,752,十字军的板鳞甲,5,5,5,ALLOW_LIST,accepted,COMPLETE_VISIBLE_MAPPING_AND_RESOLVED_CLASS_POLICY
itemset:754,754,北风的拥抱,8,8,8,ANY,accepted,COMPLETE_VISIBLE_MAPPING_AND_RESOLVED_CLASS_POLICY
itemset:755,755,蛛魔之巢,8,8,8,ANY,accepted,COMPLETE_VISIBLE_MAPPING_AND_RESOLVED_CLASS_POLICY
itemset:756,756,霜鳞套装,8,8,8,ANY,accepted,COMPLETE_VISIBLE_MAPPING_AND_RESOLVED_CLASS_POLICY
itemset:757,757,凝冰的拥抱,8,8,8,ANY,accepted,COMPLETE_VISIBLE_MAPPING_AND_RESOLVED_CLASS_POLICY
itemset:759,759,蕾妮的复仇,2,0,0,UNRESOLVED,deferred,FEWER_THAN_TWO_VISIBLE_CANONICAL_APPEARANCES
itemset:760,760,角斗士的恐怖板甲,5,5,5,ALLOW_LIST,accepted,COMPLETE_VISIBLE_MAPPING_AND_RESOLVED_CLASS_POLICY
itemset:761,761,冬季套装,5,3,5,ANY,accepted,COMPLETE_VISIBLE_MAPPING_AND_RESOLVED_CLASS_POLICY
itemset:762,762,美酒节套装,8,3,8,ANY,accepted,COMPLETE_VISIBLE_MAPPING_AND_RESOLVED_CLASS_POLICY
itemset:763,763,霜纹套装,8,8,8,ANY,accepted,COMPLETE_VISIBLE_MAPPING_AND_RESOLVED_CLASS_POLICY
itemset:764,764,暮纹套装,8,8,8,ANY,accepted,COMPLETE_VISIBLE_MAPPING_AND_RESOLVED_CLASS_POLICY
itemset:765,765,角斗士的战甲,5,5,5,ALLOW_LIST,accepted,COMPLETE_VISIBLE_MAPPING_AND_RESOLVED_CLASS_POLICY
itemset:766,766,角斗士的辩护,5,5,5,ALLOW_LIST,accepted,COMPLETE_VISIBLE_MAPPING_AND_RESOLVED_CLASS_POLICY
itemset:767,767,角斗士的救赎,5,5,5,ALLOW_LIST,accepted,COMPLETE_VISIBLE_MAPPING_AND_RESOLVED_CLASS_POLICY
itemset:768,768,角斗士的亵渎,5,5,5,ALLOW_LIST,accepted,COMPLETE_VISIBLE_MAPPING_AND_RESOLVED_CLASS_POLICY
itemset:769,769,角斗士的雷霆之拳,5,5,5,ALLOW_LIST,accepted,COMPLETE_VISIBLE_MAPPING_AND_RESOLVED_CLASS_POLICY
itemset:770,770,角斗士的震撼,5,5,5,ALLOW_LIST,accepted,COMPLETE_VISIBLE_MAPPING_AND_RESOLVED_CLASS_POLICY
itemset:771,771,角斗士的战争之潮,5,5,5,ALLOW_LIST,accepted,COMPLETE_VISIBLE_MAPPING_AND_RESOLVED_CLASS_POLICY
itemset:772,772,角斗士的猎装,5,5,5,ALLOW_LIST,accepted,COMPLETE_VISIBLE_MAPPING_AND_RESOLVED_CLASS_POLICY
itemset:773,773,角斗士的庇护,5,5,5,ALLOW_LIST,accepted,COMPLETE_VISIBLE_MAPPING_AND_RESOLVED_CLASS_POLICY
itemset:774,774,角斗士的野性之皮,5,5,5,ALLOW_LIST,accepted,COMPLETE_VISIBLE_MAPPING_AND_RESOLVED_CLASS_POLICY
itemset:775,775,角斗士的圣装,5,5,5,ALLOW_LIST,accepted,COMPLETE_VISIBLE_MAPPING_AND_RESOLVED_CLASS_POLICY
itemset:776,776,角斗士的套装,5,5,5,ALLOW_LIST,accepted,COMPLETE_VISIBLE_MAPPING_AND_RESOLVED_CLASS_POLICY
itemset:777,777,角斗士的天职,5,5,5,ALLOW_LIST,accepted,COMPLETE_VISIBLE_MAPPING_AND_RESOLVED_CLASS_POLICY
itemset:778,778,角斗士的神服,5,5,5,ALLOW_LIST,accepted,COMPLETE_VISIBLE_MAPPING_AND_RESOLVED_CLASS_POLICY
itemset:779,779,角斗士的法衣,5,5,5,ALLOW_LIST,accepted,COMPLETE_VISIBLE_MAPPING_AND_RESOLVED_CLASS_POLICY
itemset:780,780,角斗士的魔能套装,5,5,5,ALLOW_LIST,accepted,COMPLETE_VISIBLE_MAPPING_AND_RESOLVED_CLASS_POLICY
itemset:781,781,神圣的亡灵净化法衣,4,4,4,ANY,accepted,COMPLETE_VISIBLE_MAPPING_AND_RESOLVED_CLASS_POLICY
itemset:782,782,神圣的亡灵毁灭护甲,4,4,4,ANY,accepted,COMPLETE_VISIBLE_MAPPING_AND_RESOLVED_CLASS_POLICY
itemset:783,783,神圣的亡灵毁灭套装,4,4,4,ANY,accepted,COMPLETE_VISIBLE_MAPPING_AND_RESOLVED_CLASS_POLICY
itemset:784,784,神圣的亡灵毁灭战甲,4,4,4,ANY,accepted,COMPLETE_VISIBLE_MAPPING_AND_RESOLVED_CLASS_POLICY
itemset:785,785,仲夏节套装,3,3,3,ANY,accepted,COMPLETE_VISIBLE_MAPPING_AND_RESOLVED_CLASS_POLICY
itemset:787,787,无畏铠甲,5,5,5,ALLOW_LIST,accepted,COMPLETE_VISIBLE_MAPPING_AND_RESOLVED_CLASS_POLICY
itemset:788,788,无畏战甲,5,5,5,ALLOW_LIST,accepted,COMPLETE_VISIBLE_MAPPING_AND_RESOLVED_CLASS_POLICY
itemset:789,789,救赎战甲,5,5,5,ALLOW_LIST,accepted,COMPLETE_VISIBLE_MAPPING_AND_RESOLVED_CLASS_POLICY
itemset:790,790,救赎圣甲,5,5,5,ALLOW_LIST,accepted,COMPLETE_VISIBLE_MAPPING_AND_RESOLVED_CLASS_POLICY
itemset:791,791,救赎铠甲,5,5,5,ALLOW_LIST,accepted,COMPLETE_VISIBLE_MAPPING_AND_RESOLVED_CLASS_POLICY
itemset:792,792,天灾苦痛战甲,5,5,5,ALLOW_LIST,accepted,COMPLETE_VISIBLE_MAPPING_AND_RESOLVED_CLASS_POLICY
itemset:793,793,天灾苦痛铠甲,5,5,5,ALLOW_LIST,accepted,COMPLETE_VISIBLE_MAPPING_AND_RESOLVED_CLASS_POLICY
itemset:794,794,地穴追猎者战甲,5,5,5,ALLOW_LIST,accepted,COMPLETE_VISIBLE_MAPPING_AND_RESOLVED_CLASS_POLICY
itemset:795,795,碎地者战甲,5,5,5,ALLOW_LIST,accepted,COMPLETE_VISIBLE_MAPPING_AND_RESOLVED_CLASS_POLICY
itemset:796,796,碎地者套装,5,5,5,ALLOW_LIST,accepted,COMPLETE_VISIBLE_MAPPING_AND_RESOLVED_CLASS_POLICY
itemset:797,797,碎地者法衣,5,5,5,ALLOW_LIST,accepted,COMPLETE_VISIBLE_MAPPING_AND_RESOLVED_CLASS_POLICY
itemset:798,798,梦游者战甲,5,5,5,ALLOW_LIST,accepted,COMPLETE_VISIBLE_MAPPING_AND_RESOLVED_CLASS_POLICY
itemset:799,799,梦游者法衣,5,5,5,ALLOW_LIST,accepted,COMPLETE_VISIBLE_MAPPING_AND_RESOLVED_CLASS_POLICY
itemset:800,800,梦游者套装,5,5,5,ALLOW_LIST,accepted,COMPLETE_VISIBLE_MAPPING_AND_RESOLVED_CLASS_POLICY
itemset:801,801,骨镰战甲,5,5,5,ALLOW_LIST,accepted,COMPLETE_VISIBLE_MAPPING_AND_RESOLVED_CLASS_POLICY
itemset:802,802,瘟疫之心套装,5,5,5,ALLOW_LIST,accepted,COMPLETE_VISIBLE_MAPPING_AND_RESOLVED_CLASS_POLICY
itemset:803,803,霜火套装,5,5,5,ALLOW_LIST,accepted,COMPLETE_VISIBLE_MAPPING_AND_RESOLVED_CLASS_POLICY
itemset:804,804,信仰法衣,5,5,5,ALLOW_LIST,accepted,COMPLETE_VISIBLE_MAPPING_AND_RESOLVED_CLASS_POLICY
itemset:805,805,信仰套装,5,5,5,ALLOW_LIST,accepted,COMPLETE_VISIBLE_MAPPING_AND_RESOLVED_CLASS_POLICY
itemset:812,812,春季礼服,2,2,2,ANY,accepted,COMPLETE_VISIBLE_MAPPING_AND_RESOLVED_CLASS_POLICY
itemset:813,813,剔骨者战甲,8,8,8,ANY,accepted,COMPLETE_VISIBLE_MAPPING_AND_RESOLVED_CLASS_POLICY
itemset:814,814,精饰萨隆邪铁战甲,8,8,8,ANY,accepted,COMPLETE_VISIBLE_MAPPING_AND_RESOLVED_CLASS_POLICY
itemset:815,815,阴云战甲,8,8,8,ANY,accepted,COMPLETE_VISIBLE_MAPPING_AND_RESOLVED_CLASS_POLICY
itemset:816,816,野蛮萨隆邪铁战甲,8,8,8,ANY,accepted,COMPLETE_VISIBLE_MAPPING_AND_RESOLVED_CLASS_POLICY
itemset:817,817,雷革战甲,8,8,8,ANY,accepted,COMPLETE_VISIBLE_MAPPING_AND_RESOLVED_CLASS_POLICY
itemset:818,818,迅箭战甲,8,8,8,ANY,accepted,COMPLETE_VISIBLE_MAPPING_AND_RESOLVED_CLASS_POLICY
itemset:819,819,冰霜原始战甲,8,8,8,ANY,accepted,COMPLETE_VISIBLE_MAPPING_AND_RESOLVED_CLASS_POLICY
itemset:820,820,庇护战甲,5,5,5,ALLOW_LIST,accepted,COMPLETE_VISIBLE_MAPPING_AND_RESOLVED_CLASS_POLICY
itemset:821,821,庇护板甲,5,5,5,ALLOW_LIST,accepted,COMPLETE_VISIBLE_MAPPING_AND_RESOLVED_CLASS_POLICY
itemset:822,822,庇护魔装,5,5,5,ALLOW_LIST,accepted,COMPLETE_VISIBLE_MAPPING_AND_RESOLVED_CLASS_POLICY
itemset:823,823,世界击碎者战甲,5,5,5,ALLOW_LIST,accepted,COMPLETE_VISIBLE_MAPPING_AND_RESOLVED_CLASS_POLICY
itemset:824,824,世界击碎者魔装,5,5,5,ALLOW_LIST,accepted,COMPLETE_VISIBLE_MAPPING_AND_RESOLVED_CLASS_POLICY
itemset:825,825,世界击碎者法衣,5,5,5,ALLOW_LIST,accepted,COMPLETE_VISIBLE_MAPPING_AND_RESOLVED_CLASS_POLICY
itemset:826,826,恐怖利刃战甲,5,5,5,ALLOW_LIST,accepted,COMPLETE_VISIBLE_MAPPING_AND_RESOLVED_CLASS_POLICY
itemset:827,827,夜歌战甲,5,5,5,ALLOW_LIST,accepted,COMPLETE_VISIBLE_MAPPING_AND_RESOLVED_CLASS_POLICY
itemset:828,828,夜歌魔装,5,5,5,ALLOW_LIST,accepted,COMPLETE_VISIBLE_MAPPING_AND_RESOLVED_CLASS_POLICY
itemset:829,829,夜歌法衣,5,5,5,ALLOW_LIST,accepted,COMPLETE_VISIBLE_MAPPING_AND_RESOLVED_CLASS_POLICY
itemset:830,830,突围战甲,5,5,5,ALLOW_LIST,accepted,COMPLETE_VISIBLE_MAPPING_AND_RESOLVED_CLASS_POLICY
itemset:831,831,突围板甲,5,5,5,ALLOW_LIST,accepted,COMPLETE_VISIBLE_MAPPING_AND_RESOLVED_CLASS_POLICY
itemset:832,832,圣灵魔装,5,5,5,ALLOW_LIST,accepted,COMPLETE_VISIBLE_MAPPING_AND_RESOLVED_CLASS_POLICY
itemset:833,833,圣灵法衣,5,5,5,ALLOW_LIST,accepted,COMPLETE_VISIBLE_MAPPING_AND_RESOLVED_CLASS_POLICY
itemset:834,834,黑暗符印战甲,5,5,5,ALLOW_LIST,accepted,COMPLETE_VISIBLE_MAPPING_AND_RESOLVED_CLASS_POLICY
itemset:835,835,黑暗符印板甲,5,5,5,ALLOW_LIST,accepted,COMPLETE_VISIBLE_MAPPING_AND_RESOLVED_CLASS_POLICY
itemset:836,836,肯瑞托,5,5,5,ALLOW_LIST,accepted,COMPLETE_VISIBLE_MAPPING_AND_RESOLVED_CLASS_POLICY
itemset:837,837,死亡信使,5,5,5,ALLOW_LIST,accepted,COMPLETE_VISIBLE_MAPPING_AND_RESOLVED_CLASS_POLICY
itemset:838,838,天灾追猎者,5,5,5,ALLOW_LIST,accepted,COMPLETE_VISIBLE_MAPPING_AND_RESOLVED_CLASS_POLICY
itemset:843,843,卡德加的法衣,5,5,5,ALLOW_LIST,accepted,COMPLETE_VISIBLE_MAPPING_AND_RESOLVED_CLASS_POLICY
itemset:844,844,逐日者的法衣,5,5,5,ALLOW_LIST,accepted,COMPLETE_VISIBLE_MAPPING_AND_RESOLVED_CLASS_POLICY
itemset:845,845,古尔丹的法衣,5,5,5,ALLOW_LIST,accepted,COMPLETE_VISIBLE_MAPPING_AND_RESOLVED_CLASS_POLICY
itemset:846,846,克尔苏加德的法衣,5,5,5,ALLOW_LIST,accepted,COMPLETE_VISIBLE_MAPPING_AND_RESOLVED_CLASS_POLICY
itemset:847,847,维伦的圣装,5,5,5,ALLOW_LIST,accepted,COMPLETE_VISIBLE_MAPPING_AND_RESOLVED_CLASS_POLICY
itemset:848,848,萨布拉的圣装,5,5,5,ALLOW_LIST,accepted,COMPLETE_VISIBLE_MAPPING_AND_RESOLVED_CLASS_POLICY
itemset:849,849,维伦的法衣,5,5,5,ALLOW_LIST,accepted,COMPLETE_VISIBLE_MAPPING_AND_RESOLVED_CLASS_POLICY
itemset:850,850,萨布拉的法衣,5,5,5,ALLOW_LIST,accepted,COMPLETE_VISIBLE_MAPPING_AND_RESOLVED_CLASS_POLICY
itemset:851,851,玛法里奥的圣装,5,5,5,ALLOW_LIST,accepted,COMPLETE_VISIBLE_MAPPING_AND_RESOLVED_CLASS_POLICY
itemset:852,852,伊哈缪尔的圣装,5,5,5,ALLOW_LIST,accepted,COMPLETE_VISIBLE_MAPPING_AND_RESOLVED_CLASS_POLICY
itemset:853,853,玛法里奥的法衣,5,5,5,ALLOW_LIST,accepted,COMPLETE_VISIBLE_MAPPING_AND_RESOLVED_CLASS_POLICY
itemset:854,854,伊哈缪尔的法衣,5,5,5,ALLOW_LIST,accepted,COMPLETE_VISIBLE_MAPPING_AND_RESOLVED_CLASS_POLICY
itemset:855,855,玛法里奥的战甲,5,5,5,ALLOW_LIST,accepted,COMPLETE_VISIBLE_MAPPING_AND_RESOLVED_CLASS_POLICY
itemset:856,856,伊哈缪尔的战甲,5,5,5,ALLOW_LIST,accepted,COMPLETE_VISIBLE_MAPPING_AND_RESOLVED_CLASS_POLICY
itemset:857,857,范克里夫的战甲,5,5,5,ALLOW_LIST,accepted,COMPLETE_VISIBLE_MAPPING_AND_RESOLVED_CLASS_POLICY
itemset:858,858,迦罗娜的战甲,5,5,5,ALLOW_LIST,accepted,COMPLETE_VISIBLE_MAPPING_AND_RESOLVED_CLASS_POLICY
itemset:859,859,风行者的战甲,5,5,5,ALLOW_LIST,accepted,COMPLETE_VISIBLE_MAPPING_AND_RESOLVED_CLASS_POLICY
itemset:860,860,风行者的猎装,5,5,5,ALLOW_LIST,accepted,COMPLETE_VISIBLE_MAPPING_AND_RESOLVED_CLASS_POLICY
itemset:861,861,努波顿的圣装,5,5,5,ALLOW_LIST,accepted,COMPLETE_VISIBLE_MAPPING_AND_RESOLVED_CLASS_POLICY
itemset:862,862,萨尔的圣装,5,5,5,ALLOW_LIST,accepted,COMPLETE_VISIBLE_MAPPING_AND_RESOLVED_CLASS_POLICY
itemset:863,863,萨尔的法衣,5,5,5,ALLOW_LIST,accepted,COMPLETE_VISIBLE_MAPPING_AND_RESOLVED_CLASS_POLICY
itemset:864,864,努波顿的法衣,5,5,5,ALLOW_LIST,accepted,COMPLETE_VISIBLE_MAPPING_AND_RESOLVED_CLASS_POLICY
itemset:865,865,努波顿的战甲,5,5,5,ALLOW_LIST,accepted,COMPLETE_VISIBLE_MAPPING_AND_RESOLVED_CLASS_POLICY
itemset:866,866,萨尔的战甲,5,5,5,ALLOW_LIST,accepted,COMPLETE_VISIBLE_MAPPING_AND_RESOLVED_CLASS_POLICY
itemset:867,867,乌瑞恩的战甲,5,5,5,ALLOW_LIST,accepted,COMPLETE_VISIBLE_MAPPING_AND_RESOLVED_CLASS_POLICY
itemset:868,868,地狱咆哮的战甲,5,5,5,ALLOW_LIST,accepted,COMPLETE_VISIBLE_MAPPING_AND_RESOLVED_CLASS_POLICY
itemset:869,869,乌瑞恩的铠甲,5,5,5,ALLOW_LIST,accepted,COMPLETE_VISIBLE_MAPPING_AND_RESOLVED_CLASS_POLICY
itemset:870,870,地狱咆哮的铠甲,5,5,5,ALLOW_LIST,accepted,COMPLETE_VISIBLE_MAPPING_AND_RESOLVED_CLASS_POLICY
itemset:871,871,萨萨里安的战甲,5,5,5,ALLOW_LIST,accepted,COMPLETE_VISIBLE_MAPPING_AND_RESOLVED_CLASS_POLICY
itemset:872,872,库尔迪拉的战甲,5,5,5,ALLOW_LIST,accepted,COMPLETE_VISIBLE_MAPPING_AND_RESOLVED_CLASS_POLICY
itemset:873,873,萨萨里安的铠甲,5,5,5,ALLOW_LIST,accepted,COMPLETE_VISIBLE_MAPPING_AND_RESOLVED_CLASS_POLICY
itemset:874,874,库尔迪拉的铠甲,5,5,5,ALLOW_LIST,accepted,COMPLETE_VISIBLE_MAPPING_AND_RESOLVED_CLASS_POLICY
itemset:875,875,图拉扬的圣装,5,5,5,ALLOW_LIST,accepted,COMPLETE_VISIBLE_MAPPING_AND_RESOLVED_CLASS_POLICY
itemset:876,876,莉亚德琳的圣装,5,5,5,ALLOW_LIST,accepted,COMPLETE_VISIBLE_MAPPING_AND_RESOLVED_CLASS_POLICY
itemset:877,877,图拉扬的战甲,5,5,5,ALLOW_LIST,accepted,COMPLETE_VISIBLE_MAPPING_AND_RESOLVED_CLASS_POLICY
itemset:878,878,莉亚德琳的战甲,5,5,5,ALLOW_LIST,accepted,COMPLETE_VISIBLE_MAPPING_AND_RESOLVED_CLASS_POLICY
itemset:879,879,图拉扬的铠甲,5,5,5,ALLOW_LIST,accepted,COMPLETE_VISIBLE_MAPPING_AND_RESOLVED_CLASS_POLICY
itemset:880,880,莉亚德琳的铠甲,5,5,5,ALLOW_LIST,accepted,COMPLETE_VISIBLE_MAPPING_AND_RESOLVED_CLASS_POLICY
itemset:881,881,纯净的天神碎片,2,0,0,UNRESOLVED,deferred,FEWER_THAN_TWO_VISIBLE_CANONICAL_APPEARANCES
itemset:882,882,闪亮的天神碎片,2,0,0,UNRESOLVED,deferred,FEWER_THAN_TWO_VISIBLE_CANONICAL_APPEARANCES
itemset:883,883,血法战衣,5,5,5,ALLOW_LIST,accepted,COMPLETE_VISIBLE_MAPPING_AND_RESOLVED_CLASS_POLICY
itemset:884,884,黑巫法衣,5,5,5,ALLOW_LIST,accepted,COMPLETE_VISIBLE_MAPPING_AND_RESOLVED_CLASS_POLICY
itemset:885,885,血色侍僧战衣,5,5,5,ALLOW_LIST,accepted,COMPLETE_VISIBLE_MAPPING_AND_RESOLVED_CLASS_POLICY
itemset:886,886,血色侍僧法衣,5,5,5,ALLOW_LIST,accepted,COMPLETE_VISIBLE_MAPPING_AND_RESOLVED_CLASS_POLICY
itemset:887,887,树纹套装,5,5,5,ALLOW_LIST,accepted,COMPLETE_VISIBLE_MAPPING_AND_RESOLVED_CLASS_POLICY
itemset:888,888,树纹法衣,5,5,5,ALLOW_LIST,accepted,COMPLETE_VISIBLE_MAPPING_AND_RESOLVED_CLASS_POLICY
itemset:889,889,树纹战甲,5,5,5,ALLOW_LIST,accepted,COMPLETE_VISIBLE_MAPPING_AND_RESOLVED_CLASS_POLICY
itemset:890,890,影刃战甲,5,5,5,ALLOW_LIST,accepted,COMPLETE_VISIBLE_MAPPING_AND_RESOLVED_CLASS_POLICY
itemset:891,891,安卡哈猎血战甲,5,5,5,ALLOW_LIST,accepted,COMPLETE_VISIBLE_MAPPING_AND_RESOLVED_CLASS_POLICY
itemset:892,892,霜巫套装,5,5,5,ALLOW_LIST,accepted,COMPLETE_VISIBLE_MAPPING_AND_RESOLVED_CLASS_POLICY
itemset:893,893,霜巫战衣,5,5,5,ALLOW_LIST,accepted,COMPLETE_VISIBLE_MAPPING_AND_RESOLVED_CLASS_POLICY
itemset:894,894,霜巫战甲,5,5,5,ALLOW_LIST,accepted,COMPLETE_VISIBLE_MAPPING_AND_RESOLVED_CLASS_POLICY
itemset:895,895,伊米亚之王战甲,5,5,5,ALLOW_LIST,accepted,COMPLETE_VISIBLE_MAPPING_AND_RESOLVED_CLASS_POLICY
itemset:896,896,伊米亚之王战铠,5,5,5,ALLOW_LIST,accepted,COMPLETE_VISIBLE_MAPPING_AND_RESOLVED_CLASS_POLICY
itemset:897,897,天灾领主战甲,5,5,5,ALLOW_LIST,accepted,COMPLETE_VISIBLE_MAPPING_AND_RESOLVED_CLASS_POLICY
itemset:898,898,天灾领主战铠,5,5,5,ALLOW_LIST,accepted,COMPLETE_VISIBLE_MAPPING_AND_RESOLVED_CLASS_POLICY
itemset:899,899,光誓套装,5,5,5,ALLOW_LIST,accepted,COMPLETE_VISIBLE_MAPPING_AND_RESOLVED_CLASS_POLICY
itemset:900,900,光誓战甲,5,5,5,ALLOW_LIST,accepted,COMPLETE_VISIBLE_MAPPING_AND_RESOLVED_CLASS_POLICY
itemset:901,901,光誓战铠,5,5,5,ALLOW_LIST,accepted,COMPLETE_VISIBLE_MAPPING_AND_RESOLVED_CLASS_POLICY
