candidateKey,itemSetId,active,presentationStatus,expansion,acquisition,raidTier,difficulty,medianItemLevel,ruleKey,reasonCode
itemset:1,1,true,UNKNOWN,UNKNOWN,UNKNOWN,NONE,UNKNOWN,57,unclassified,NO_REVIEWED_ITEMSET_PRESENTATION_RULE
itemset:41,41,true,UNKNOWN,UNKNOWN,UNKNOWN,NONE,UNKNOWN,63.0,unclassified,NO_REVIEWED_ITEMSET_PRESENTATION_RULE
itemset:65,65,true,UNKNOWN,UNKNOWN,UNKNOWN,NONE,UNKNOWN,60.5,unclassified,NO_REVIEWED_ITEMSET_PRESENTATION_RULE
itemset:81,81,true,UNKNOWN,UNKNOWN,UNKNOWN,NONE,UNKNOWN,61,unclassified,NO_REVIEWED_ITEMSET_PRESENTATION_RULE
itemset:121,121,true,UNKNOWN,UNKNOWN,UNKNOWN,NONE,UNKNOWN,61,unclassified,NO_REVIEWED_ITEMSET_PRESENTATION_RULE
itemset:122,122,true,UNKNOWN,UNKNOWN,UNKNOWN,NONE,UNKNOWN,61,unclassified,NO_REVIEWED_ITEMSET_PRESENTATION_RULE
itemset:123,123,true,UNKNOWN,UNKNOWN,UNKNOWN,NONE,UNKNOWN,61,unclassified,NO_REVIEWED_ITEMSET_PRESENTATION_RULE
itemset:124,124,true,UNKNOWN,UNKNOWN,UNKNOWN,NONE,UNKNOWN,61,unclassified,NO_REVIEWED_ITEMSET_PRESENTATION_RULE
itemset:141,141,true,UNKNOWN,UNKNOWN,UNKNOWN,NONE,UNKNOWN,57,unclassified,NO_REVIEWED_ITEMSET_PRESENTATION_RULE
itemset:142,142,true,UNKNOWN,UNKNOWN,UNKNOWN,NONE,UNKNOWN,56.0,unclassified,NO_REVIEWED_ITEMSET_PRESENTATION_RULE
itemset:143,143,true,UNKNOWN,UNKNOWN,UNKNOWN,NONE,UNKNOWN,59.0,unclassified,NO_REVIEWED_ITEMSET_PRESENTATION_RULE
itemset:144,144,true,UNKNOWN,UNKNOWN,UNKNOWN,NONE,UNKNOWN,56.0,unclassified,NO_REVIEWED_ITEMSET_PRESENTATION_RULE
itemset:161,161,true,UNKNOWN,UNKNOWN,UNKNOWN,NONE,UNKNOWN,18,unclassified,NO_REVIEWED_ITEMSET_PRESENTATION_RULE
itemset:162,162,true,UNKNOWN,UNKNOWN,UNKNOWN,NONE,UNKNOWN,23,unclassified,NO_REVIEWED_ITEMSET_PRESENTATION_RULE
itemset:163,163,true,UNKNOWN,UNKNOWN,UNKNOWN,NONE,UNKNOWN,37.5,unclassified,NO_REVIEWED_ITEMSET_PRESENTATION_RULE
itemset:181,181,true,UNKNOWN,UNKNOWN,UNKNOWN,NONE,UNKNOWN,59.5,unclassified,NO_REVIEWED_ITEMSET_PRESENTATION_RULE
itemset:182,182,true,UNKNOWN,UNKNOWN,UNKNOWN,NONE,UNKNOWN,59.5,unclassified,NO_REVIEWED_ITEMSET_PRESENTATION_RULE
itemset:183,183,true,UNKNOWN,UNKNOWN,UNKNOWN,NONE,UNKNOWN,59.5,unclassified,NO_REVIEWED_ITEMSET_PRESENTATION_RULE
itemset:184,184,true,UNKNOWN,UNKNOWN,UNKNOWN,NONE,UNKNOWN,59.5,unclassified,NO_REVIEWED_ITEMSET_PRESENTATION_RULE
itemset:185,185,true,UNKNOWN,UNKNOWN,UNKNOWN,NONE,UNKNOWN,59.5,unclassified,NO_REVIEWED_ITEMSET_PRESENTATION_RULE
itemset:186,186,true,UNKNOWN,UNKNOWN,UNKNOWN,NONE,UNKNOWN,59.5,unclassified,NO_REVIEWED_ITEMSET_PRESENTATION_RULE
itemset:187,187,true,UNKNOWN,UNKNOWN,UNKNOWN,NONE,UNKNOWN,59.5,unclassified,NO_REVIEWED_ITEMSET_PRESENTATION_RULE
itemset:188,188,true,UNKNOWN,UNKNOWN,UNKNOWN,NONE,UNKNOWN,59.5,unclassified,NO_REVIEWED_ITEMSET_PRESENTATION_RULE
itemset:189,189,true,UNKNOWN,UNKNOWN,UNKNOWN,NONE,UNKNOWN,59.5,unclassified,NO_REVIEWED_ITEMSET_PRESENTATION_RULE
itemset:201,201,true,UNKNOWN,UNKNOWN,UNKNOWN,NONE,UNKNOWN,66.0,unclassified,NO_REVIEWED_ITEMSET_PRESENTATION_RULE
itemset:202,202,true,UNKNOWN,UNKNOWN,UNKNOWN,NONE,UNKNOWN,66.0,unclassified,NO_REVIEWED_ITEMSET_PRESENTATION_RULE
itemset:203,203,true,UNKNOWN,UNKNOWN,UNKNOWN,NONE,UNKNOWN,66.0,unclassified,NO_REVIEWED_ITEMSET_PRESENTATION_RULE
itemset:204,204,true,UNKNOWN,UNKNOWN,UNKNOWN,NONE,UNKNOWN,66.0,unclassified,NO_REVIEWED_ITEMSET_PRESENTATION_RULE
itemset:205,205,true,UNKNOWN,UNKNOWN,UNKNOWN,NONE,UNKNOWN,66.0,unclassified,NO_REVIEWED_ITEMSET_PRESENTATION_RULE
itemset:206,206,true,UNKNOWN,UNKNOWN,UNKNOWN,NONE,UNKNOWN,66.0,unclassified,NO_REVIEWED_ITEMSET_PRESENTATION_RULE
itemset:207,207,true,UNKNOWN,UNKNOWN,UNKNOWN,NONE,UNKNOWN,66.0,unclassified,NO_REVIEWED_ITEMSET_PRESENTATION_RULE
itemset:208,208,true,UNKNOWN,UNKNOWN,UNKNOWN,NONE,UNKNOWN,66.0,unclassified,NO_REVIEWED_ITEMSET_PRESENTATION_RULE
itemset:209,209,true,UNKNOWN,UNKNOWN,UNKNOWN,NONE,UNKNOWN,66.0,unclassified,NO_REVIEWED_ITEMSET_PRESENTATION_RULE
itemset:210,210,true,UNKNOWN,UNKNOWN,UNKNOWN,NONE,UNKNOWN,76.0,unclassified,NO_REVIEWED_ITEMSET_PRESENTATION_RULE
itemset:211,211,true,UNKNOWN,UNKNOWN,UNKNOWN,NONE,UNKNOWN,76.0,unclassified,NO_REVIEWED_ITEMSET_PRESENTATION_RULE
itemset:212,212,true,UNKNOWN,UNKNOWN,UNKNOWN,NONE,UNKNOWN,76.0,unclassified,NO_REVIEWED_ITEMSET_PRESENTATION_RULE
itemset:213,213,true,UNKNOWN,UNKNOWN,UNKNOWN,NONE,UNKNOWN,76.0,unclassified,NO_REVIEWED_ITEMSET_PRESENTATION_RULE
itemset:214,214,true,UNKNOWN,UNKNOWN,UNKNOWN,NONE,UNKNOWN,76.0,unclassified,NO_REVIEWED_ITEMSET_PRESENTATION_RULE
itemset:215,215,true,UNKNOWN,UNKNOWN,UNKNOWN,NONE,UNKNOWN,76.0,unclassified,NO_REVIEWED_ITEMSET_PRESENTATION_RULE
itemset:216,216,true,UNKNOWN,UNKNOWN,UNKNOWN,NONE,UNKNOWN,76.0,unclassified,NO_REVIEWED_ITEMSET_PRESENTATION_RULE
itemset:217,217,true,UNKNOWN,UNKNOWN,UNKNOWN,NONE,UNKNOWN,76.0,unclassified,NO_REVIEWED_ITEMSET_PRESENTATION_RULE
itemset:218,218,true,UNKNOWN,UNKNOWN,UNKNOWN,NONE,UNKNOWN,76.0,unclassified,NO_REVIEWED_ITEMSET_PRESENTATION_RULE
itemset:221,221,true,UNKNOWN,UNKNOWN,UNKNOWN,NONE,UNKNOWN,42,unclassified,NO_REVIEWED_ITEMSET_PRESENTATION_RULE
itemset:241,241,false,UNKNOWN,UNKNOWN,UNKNOWN,NONE,UNKNOWN,72.5,unclassified,NO_REVIEWED_ITEMSET_PRESENTATION_RULE
itemset:261,261,true,UNKNOWN,UNKNOWN,UNKNOWN,NONE,UNKNOWN,66.0,unclassified,NO_REVIEWED_ITEMSET_PRESENTATION_RULE
itemset:281,281,true,UNKNOWN,UNKNOWN,UNKNOWN,NONE,UNKNOWN,63.0,unclassified,NO_REVIEWED_ITEMSET_PRESENTATION_RULE
itemset:282,282,true,UNKNOWN,UNKNOWN,UNKNOWN,NONE,UNKNOWN,63.0,unclassified,NO_REVIEWED_ITEMSET_PRESENTATION_RULE
itemset:301,301,true,UNKNOWN,UNKNOWN,UNKNOWN,NONE,UNKNOWN,63.0,unclassified,NO_REVIEWED_ITEMSET_PRESENTATION_RULE
itemset:321,321,true,UNKNOWN,UNKNOWN,UNKNOWN,NONE,UNKNOWN,59,unclassified,NO_REVIEWED_ITEMSET_PRESENTATION_RULE
itemset:341,341,true,UNKNOWN,UNKNOWN,UNKNOWN,NONE,UNKNOWN,63.0,unclassified,NO_REVIEWED_ITEMSET_PRESENTATION_RULE
itemset:342,342,true,UNKNOWN,UNKNOWN,UNKNOWN,NONE,UNKNOWN,63.0,unclassified,NO_REVIEWED_ITEMSET_PRESENTATION_RULE
itemset:343,343,true,UNKNOWN,UNKNOWN,UNKNOWN,NONE,UNKNOWN,63.0,unclassified,NO_REVIEWED_ITEMSET_PRESENTATION_RULE
itemset:344,344,true,UNKNOWN,UNKNOWN,UNKNOWN,NONE,UNKNOWN,63.0,unclassified,NO_REVIEWED_ITEMSET_PRESENTATION_RULE
itemset:345,345,true,UNKNOWN,UNKNOWN,UNKNOWN,NONE,UNKNOWN,63.0,unclassified,NO_REVIEWED_ITEMSET_PRESENTATION_RULE
itemset:346,346,true,UNKNOWN,UNKNOWN,UNKNOWN,NONE,UNKNOWN,63.0,unclassified,NO_REVIEWED_ITEMSET_PRESENTATION_RULE
itemset:347,347,true,UNKNOWN,UNKNOWN,UNKNOWN,NONE,UNKNOWN,63.0,unclassified,NO_REVIEWED_ITEMSET_PRESENTATION_RULE
itemset:348,348,true,UNKNOWN,UNKNOWN,UNKNOWN,NONE,UNKNOWN,63.0,unclassified,NO_REVIEWED_ITEMSET_PRESENTATION_RULE
itemset:361,361,true,UNKNOWN,UNKNOWN,UNKNOWN,NONE,UNKNOWN,63.0,unclassified,NO_REVIEWED_ITEMSET_PRESENTATION_RULE
itemset:362,362,true,UNKNOWN,UNKNOWN,UNKNOWN,NONE,UNKNOWN,63.0,unclassified,NO_REVIEWED_ITEMSET_PRESENTATION_RULE
itemset:381,381,true,UNKNOWN,UNKNOWN,UNKNOWN,NONE,UNKNOWN,63.0,unclassified,NO_REVIEWED_ITEMSET_PRESENTATION_RULE
itemset:382,382,true,UNKNOWN,UNKNOWN,UNKNOWN,NONE,UNKNOWN,63.0,unclassified,NO_REVIEWED_ITEMSET_PRESENTATION_RULE
itemset:383,383,true,UNKNOWN,UNKNOWN,UNKNOWN,NONE,UNKNOWN,72.5,unclassified,NO_REVIEWED_ITEMSET_PRESENTATION_RULE
itemset:384,384,true,UNKNOWN,UNKNOWN,UNKNOWN,NONE,UNKNOWN,72.5,unclassified,NO_REVIEWED_ITEMSET_PRESENTATION_RULE
itemset:386,386,true,UNKNOWN,UNKNOWN,UNKNOWN,NONE,UNKNOWN,72.5,unclassified,NO_REVIEWED_ITEMSET_PRESENTATION_RULE
itemset:387,387,true,UNKNOWN,UNKNOWN,UNKNOWN,NONE,UNKNOWN,72.5,unclassified,NO_REVIEWED_ITEMSET_PRESENTATION_RULE
itemset:388,388,true,UNKNOWN,UNKNOWN,UNKNOWN,NONE,UNKNOWN,72.5,unclassified,NO_REVIEWED_ITEMSET_PRESENTATION_RULE
itemset:389,389,true,UNKNOWN,UNKNOWN,UNKNOWN,NONE,UNKNOWN,72.5,unclassified,NO_REVIEWED_ITEMSET_PRESENTATION_RULE
itemset:390,390,true,UNKNOWN,UNKNOWN,UNKNOWN,NONE,UNKNOWN,72.5,unclassified,NO_REVIEWED_ITEMSET_PRESENTATION_RULE
itemset:391,391,true,UNKNOWN,UNKNOWN,UNKNOWN,NONE,UNKNOWN,72.5,unclassified,NO_REVIEWED_ITEMSET_PRESENTATION_RULE
itemset:392,392,true,UNKNOWN,UNKNOWN,UNKNOWN,NONE,UNKNOWN,72.5,unclassified,NO_REVIEWED_ITEMSET_PRESENTATION_RULE
itemset:393,393,true,UNKNOWN,UNKNOWN,UNKNOWN,NONE,UNKNOWN,72.5,unclassified,NO_REVIEWED_ITEMSET_PRESENTATION_RULE
itemset:394,394,true,UNKNOWN,UNKNOWN,UNKNOWN,NONE,UNKNOWN,72.5,unclassified,NO_REVIEWED_ITEMSET_PRESENTATION_RULE
itemset:395,395,true,UNKNOWN,UNKNOWN,UNKNOWN,NONE,UNKNOWN,72.5,unclassified,NO_REVIEWED_ITEMSET_PRESENTATION_RULE
itemset:396,396,true,UNKNOWN,UNKNOWN,UNKNOWN,NONE,UNKNOWN,72.5,unclassified,NO_REVIEWED_ITEMSET_PRESENTATION_RULE
itemset:397,397,true,UNKNOWN,UNKNOWN,UNKNOWN,NONE,UNKNOWN,72.5,unclassified,NO_REVIEWED_ITEMSET_PRESENTATION_RULE
itemset:398,398,true,UNKNOWN,UNKNOWN,UNKNOWN,NONE,UNKNOWN,72.5,unclassified,NO_REVIEWED_ITEMSET_PRESENTATION_RULE
itemset:401,401,true,UNKNOWN,UNKNOWN,UNKNOWN,NONE,UNKNOWN,63.0,unclassified,NO_REVIEWED_ITEMSET_PRESENTATION_RULE
itemset:402,402,true,UNKNOWN,UNKNOWN,UNKNOWN,NONE,UNKNOWN,72.5,unclassified,NO_REVIEWED_ITEMSET_PRESENTATION_RULE
itemset:421,421,true,UNKNOWN,UNKNOWN,UNKNOWN,NONE,UNKNOWN,65,unclassified,NO_REVIEWED_ITEMSET_PRESENTATION_RULE
itemset:441,441,true,UNKNOWN,UNKNOWN,UNKNOWN,NONE,UNKNOWN,65,unclassified,NO_REVIEWED_ITEMSET_PRESENTATION_RULE
itemset:442,442,true,UNKNOWN,UNKNOWN,UNKNOWN,NONE,UNKNOWN,65.0,unclassified,NO_REVIEWED_ITEMSET_PRESENTATION_RULE
itemset:443,443,true,UNKNOWN,UNKNOWN,UNKNOWN,NONE,UNKNOWN,65,unclassified,NO_REVIEWED_ITEMSET_PRESENTATION_RULE
itemset:444,444,true,UNKNOWN,UNKNOWN,UNKNOWN,NONE,UNKNOWN,65,unclassified,NO_REVIEWED_ITEMSET_PRESENTATION_RULE
itemset:461,461,true,UNKNOWN,UNKNOWN,UNKNOWN,NONE,UNKNOWN,67.0,unclassified,NO_REVIEWED_ITEMSET_PRESENTATION_RULE
itemset:462,462,false,UNKNOWN,UNKNOWN,UNKNOWN,NONE,UNKNOWN,69.5,unclassified,NO_REVIEWED_ITEMSET_PRESENTATION_RULE
itemset:463,463,true,UNKNOWN,UNKNOWN,UNKNOWN,NONE,UNKNOWN,65.0,unclassified,NO_REVIEWED_ITEMSET_PRESENTATION_RULE
itemset:464,464,false,UNKNOWN,UNKNOWN,UNKNOWN,NONE,UNKNOWN,69.5,unclassified,NO_REVIEWED_ITEMSET_PRESENTATION_RULE
itemset:465,465,false,UNKNOWN,UNKNOWN,UNKNOWN,NONE,UNKNOWN,69.5,unclassified,NO_REVIEWED_ITEMSET_PRESENTATION_RULE
itemset:466,466,false,UNKNOWN,UNKNOWN,UNKNOWN,NONE,UNKNOWN,68.0,unclassified,NO_REVIEWED_ITEMSET_PRESENTATION_RULE
itemset:467,467,true,UNKNOWN,UNKNOWN,UNKNOWN,NONE,UNKNOWN,63,unclassified,NO_REVIEWED_ITEMSET_PRESENTATION_RULE
itemset:468,468,true,UNKNOWN,UNKNOWN,UNKNOWN,NONE,UNKNOWN,63,unclassified,NO_REVIEWED_ITEMSET_PRESENTATION_RULE
itemset:469,469,true,UNKNOWN,UNKNOWN,UNKNOWN,NONE,UNKNOWN,63,unclassified,NO_REVIEWED_ITEMSET_PRESENTATION_RULE
itemset:470,470,true,UNKNOWN,UNKNOWN,UNKNOWN,NONE,UNKNOWN,63,unclassified,NO_REVIEWED_ITEMSET_PRESENTATION_RULE
itemset:471,471,true,UNKNOWN,UNKNOWN,UNKNOWN,NONE,UNKNOWN,63,unclassified,NO_REVIEWED_ITEMSET_PRESENTATION_RULE
itemset:472,472,true,UNKNOWN,UNKNOWN,UNKNOWN,NONE,UNKNOWN,63,unclassified,NO_REVIEWED_ITEMSET_PRESENTATION_RULE
itemset:473,473,true,UNKNOWN,UNKNOWN,UNKNOWN,NONE,UNKNOWN,63,unclassified,NO_REVIEWED_ITEMSET_PRESENTATION_RULE
itemset:474,474,true,UNKNOWN,UNKNOWN,UNKNOWN,NONE,UNKNOWN,65,unclassified,NO_REVIEWED_ITEMSET_PRESENTATION_RULE
itemset:475,475,true,UNKNOWN,UNKNOWN,UNKNOWN,NONE,UNKNOWN,65,unclassified,NO_REVIEWED_ITEMSET_PRESENTATION_RULE
itemset:476,476,true,UNKNOWN,UNKNOWN,UNKNOWN,NONE,UNKNOWN,65,unclassified,NO_REVIEWED_ITEMSET_PRESENTATION_RULE
itemset:477,477,true,UNKNOWN,UNKNOWN,UNKNOWN,NONE,UNKNOWN,65,unclassified,NO_REVIEWED_ITEMSET_PRESENTATION_RULE
itemset:478,478,true,UNKNOWN,UNKNOWN,UNKNOWN,NONE,UNKNOWN,65,unclassified,NO_REVIEWED_ITEMSET_PRESENTATION_RULE
itemset:479,479,true,UNKNOWN,UNKNOWN,UNKNOWN,NONE,UNKNOWN,65,unclassified,NO_REVIEWED_ITEMSET_PRESENTATION_RULE
itemset:480,480,true,UNKNOWN,UNKNOWN,UNKNOWN,NONE,UNKNOWN,65,unclassified,NO_REVIEWED_ITEMSET_PRESENTATION_RULE
itemset:481,481,true,UNKNOWN,UNKNOWN,UNKNOWN,NONE,UNKNOWN,65,unclassified,NO_REVIEWED_ITEMSET_PRESENTATION_RULE
itemset:482,482,true,UNKNOWN,UNKNOWN,UNKNOWN,NONE,UNKNOWN,65,unclassified,NO_REVIEWED_ITEMSET_PRESENTATION_RULE
itemset:483,483,true,UNKNOWN,UNKNOWN,UNKNOWN,NONE,UNKNOWN,63,unclassified,NO_REVIEWED_ITEMSET_PRESENTATION_RULE
itemset:484,484,true,UNKNOWN,UNKNOWN,UNKNOWN,NONE,UNKNOWN,63,unclassified,NO_REVIEWED_ITEMSET_PRESENTATION_RULE
itemset:485,485,true,UNKNOWN,UNKNOWN,UNKNOWN,NONE,UNKNOWN,63,unclassified,NO_REVIEWED_ITEMSET_PRESENTATION_RULE
itemset:486,486,true,UNKNOWN,UNKNOWN,UNKNOWN,NONE,UNKNOWN,63,unclassified,NO_REVIEWED_ITEMSET_PRESENTATION_RULE
itemset:487,487,true,UNKNOWN,UNKNOWN,UNKNOWN,NONE,UNKNOWN,63,unclassified,NO_REVIEWED_ITEMSET_PRESENTATION_RULE
itemset:488,488,true,UNKNOWN,UNKNOWN,UNKNOWN,NONE,UNKNOWN,63,unclassified,NO_REVIEWED_ITEMSET_PRESENTATION_RULE
itemset:489,489,true,UNKNOWN,UNKNOWN,UNKNOWN,NONE,UNKNOWN,60.0,unclassified,NO_REVIEWED_ITEMSET_PRESENTATION_RULE
itemset:490,490,true,UNKNOWN,UNKNOWN,UNKNOWN,NONE,UNKNOWN,54,unclassified,NO_REVIEWED_ITEMSET_PRESENTATION_RULE
itemset:491,491,true,UNKNOWN,UNKNOWN,UNKNOWN,NONE,UNKNOWN,59,unclassified,NO_REVIEWED_ITEMSET_PRESENTATION_RULE
itemset:492,492,true,UNKNOWN,UNKNOWN,UNKNOWN,NONE,UNKNOWN,60,unclassified,NO_REVIEWED_ITEMSET_PRESENTATION_RULE
itemset:493,493,true,UNKNOWN,UNKNOWN,UNKNOWN,NONE,UNKNOWN,81,unclassified,NO_REVIEWED_ITEMSET_PRESENTATION_RULE
itemset:494,494,true,UNKNOWN,UNKNOWN,UNKNOWN,NONE,UNKNOWN,67,unclassified,NO_REVIEWED_ITEMSET_PRESENTATION_RULE
itemset:495,495,true,UNKNOWN,UNKNOWN,UNKNOWN,NONE,UNKNOWN,67,unclassified,NO_REVIEWED_ITEMSET_PRESENTATION_RULE
itemset:496,496,true,UNKNOWN,UNKNOWN,UNKNOWN,NONE,UNKNOWN,81,unclassified,NO_REVIEWED_ITEMSET_PRESENTATION_RULE
itemset:497,497,true,UNKNOWN,UNKNOWN,UNKNOWN,NONE,UNKNOWN,81,unclassified,NO_REVIEWED_ITEMSET_PRESENTATION_RULE
itemset:498,498,true,UNKNOWN,UNKNOWN,UNKNOWN,NONE,UNKNOWN,67,unclassified,NO_REVIEWED_ITEMSET_PRESENTATION_RULE
itemset:499,499,true,UNKNOWN,UNKNOWN,UNKNOWN,NONE,UNKNOWN,81,unclassified,NO_REVIEWED_ITEMSET_PRESENTATION_RULE
itemset:500,500,true,UNKNOWN,UNKNOWN,UNKNOWN,NONE,UNKNOWN,67,unclassified,NO_REVIEWED_ITEMSET_PRESENTATION_RULE
itemset:501,501,true,UNKNOWN,UNKNOWN,UNKNOWN,NONE,UNKNOWN,81,unclassified,NO_REVIEWED_ITEMSET_PRESENTATION_RULE
itemset:502,502,true,UNKNOWN,UNKNOWN,UNKNOWN,NONE,UNKNOWN,67,unclassified,NO_REVIEWED_ITEMSET_PRESENTATION_RULE
itemset:503,503,true,UNKNOWN,UNKNOWN,UNKNOWN,NONE,UNKNOWN,81,unclassified,NO_REVIEWED_ITEMSET_PRESENTATION_RULE
itemset:504,504,true,UNKNOWN,UNKNOWN,UNKNOWN,NONE,UNKNOWN,67,unclassified,NO_REVIEWED_ITEMSET_PRESENTATION_RULE
itemset:505,505,true,UNKNOWN,UNKNOWN,UNKNOWN,NONE,UNKNOWN,81,unclassified,NO_REVIEWED_ITEMSET_PRESENTATION_RULE
itemset:506,506,true,UNKNOWN,UNKNOWN,UNKNOWN,NONE,UNKNOWN,67,unclassified,NO_REVIEWED_ITEMSET_PRESENTATION_RULE
itemset:507,507,true,UNKNOWN,UNKNOWN,UNKNOWN,NONE,UNKNOWN,81,unclassified,NO_REVIEWED_ITEMSET_PRESENTATION_RULE
itemset:508,508,true,UNKNOWN,UNKNOWN,UNKNOWN,NONE,UNKNOWN,67,unclassified,NO_REVIEWED_ITEMSET_PRESENTATION_RULE
itemset:509,509,true,UNKNOWN,UNKNOWN,UNKNOWN,NONE,UNKNOWN,81,unclassified,NO_REVIEWED_ITEMSET_PRESENTATION_RULE
itemset:510,510,true,UNKNOWN,UNKNOWN,UNKNOWN,NONE,UNKNOWN,67,unclassified,NO_REVIEWED_ITEMSET_PRESENTATION_RULE
itemset:511,511,true,UNKNOWN,UNKNOWN,UNKNOWN,NONE,UNKNOWN,62.5,unclassified,NO_REVIEWED_ITEMSET_PRESENTATION_RULE
itemset:512,512,true,UNKNOWN,UNKNOWN,UNKNOWN,NONE,UNKNOWN,62.5,unclassified,NO_REVIEWED_ITEMSET_PRESENTATION_RULE
itemset:513,513,true,UNKNOWN,UNKNOWN,UNKNOWN,NONE,UNKNOWN,62.5,unclassified,NO_REVIEWED_ITEMSET_PRESENTATION_RULE
itemset:514,514,true,UNKNOWN,UNKNOWN,UNKNOWN,NONE,UNKNOWN,62.5,unclassified,NO_REVIEWED_ITEMSET_PRESENTATION_RULE
itemset:515,515,true,UNKNOWN,UNKNOWN,UNKNOWN,NONE,UNKNOWN,62.5,unclassified,NO_REVIEWED_ITEMSET_PRESENTATION_RULE
itemset:516,516,true,UNKNOWN,UNKNOWN,UNKNOWN,NONE,UNKNOWN,62.5,unclassified,NO_REVIEWED_ITEMSET_PRESENTATION_RULE
itemset:517,517,true,UNKNOWN,UNKNOWN,UNKNOWN,NONE,UNKNOWN,62.5,unclassified,NO_REVIEWED_ITEMSET_PRESENTATION_RULE
itemset:518,518,true,UNKNOWN,UNKNOWN,UNKNOWN,NONE,UNKNOWN,62.5,unclassified,NO_REVIEWED_ITEMSET_PRESENTATION_RULE
itemset:519,519,true,UNKNOWN,UNKNOWN,UNKNOWN,NONE,UNKNOWN,62.5,unclassified,NO_REVIEWED_ITEMSET_PRESENTATION_RULE
itemset:520,520,true,UNKNOWN,UNKNOWN,UNKNOWN,NONE,UNKNOWN,61.0,unclassified,NO_REVIEWED_ITEMSET_PRESENTATION_RULE
itemset:521,521,true,UNKNOWN,UNKNOWN,UNKNOWN,NONE,UNKNOWN,88,unclassified,NO_REVIEWED_ITEMSET_PRESENTATION_RULE
itemset:522,522,true,UNKNOWN,UNKNOWN,UNKNOWN,NONE,UNKNOWN,68.0,unclassified,NO_REVIEWED_ITEMSET_PRESENTATION_RULE
itemset:523,523,true,UNKNOWN,UNKNOWN,UNKNOWN,NONE,UNKNOWN,88,unclassified,NO_REVIEWED_ITEMSET_PRESENTATION_RULE
itemset:524,524,true,UNKNOWN,UNKNOWN,UNKNOWN,NONE,UNKNOWN,88,unclassified,NO_REVIEWED_ITEMSET_PRESENTATION_RULE
itemset:525,525,true,UNKNOWN,UNKNOWN,UNKNOWN,NONE,UNKNOWN,88,unclassified,NO_REVIEWED_ITEMSET_PRESENTATION_RULE
itemset:526,526,true,UNKNOWN,UNKNOWN,UNKNOWN,NONE,UNKNOWN,88,unclassified,NO_REVIEWED_ITEMSET_PRESENTATION_RULE
itemset:527,527,true,UNKNOWN,UNKNOWN,UNKNOWN,NONE,UNKNOWN,88,unclassified,NO_REVIEWED_ITEMSET_PRESENTATION_RULE
itemset:528,528,true,UNKNOWN,UNKNOWN,UNKNOWN,NONE,UNKNOWN,88,unclassified,NO_REVIEWED_ITEMSET_PRESENTATION_RULE
itemset:529,529,true,UNKNOWN,UNKNOWN,UNKNOWN,NONE,UNKNOWN,88,unclassified,NO_REVIEWED_ITEMSET_PRESENTATION_RULE
itemset:530,530,true,UNKNOWN,UNKNOWN,UNKNOWN,NONE,UNKNOWN,88,unclassified,NO_REVIEWED_ITEMSET_PRESENTATION_RULE
itemset:533,533,true,UNKNOWN,UNKNOWN,UNKNOWN,NONE,UNKNOWN,63,unclassified,NO_REVIEWED_ITEMSET_PRESENTATION_RULE
itemset:534,534,true,UNKNOWN,UNKNOWN,UNKNOWN,NONE,UNKNOWN,63,unclassified,NO_REVIEWED_ITEMSET_PRESENTATION_RULE
itemset:535,535,true,UNKNOWN,UNKNOWN,UNKNOWN,NONE,UNKNOWN,63,unclassified,NO_REVIEWED_ITEMSET_PRESENTATION_RULE
itemset:536,536,true,UNKNOWN,UNKNOWN,UNKNOWN,NONE,UNKNOWN,63,unclassified,NO_REVIEWED_ITEMSET_PRESENTATION_RULE
itemset:537,537,true,UNKNOWN,UNKNOWN,UNKNOWN,NONE,UNKNOWN,68.0,unclassified,NO_REVIEWED_ITEMSET_PRESENTATION_RULE
itemset:538,538,true,UNKNOWN,UNKNOWN,UNKNOWN,NONE,UNKNOWN,68.0,unclassified,NO_REVIEWED_ITEMSET_PRESENTATION_RULE
itemset:539,539,true,UNKNOWN,UNKNOWN,UNKNOWN,NONE,UNKNOWN,68.0,unclassified,NO_REVIEWED_ITEMSET_PRESENTATION_RULE
itemset:540,540,true,UNKNOWN,UNKNOWN,UNKNOWN,NONE,UNKNOWN,68.0,unclassified,NO_REVIEWED_ITEMSET_PRESENTATION_RULE
itemset:541,541,true,UNKNOWN,UNKNOWN,UNKNOWN,NONE,UNKNOWN,68.0,unclassified,NO_REVIEWED_ITEMSET_PRESENTATION_RULE
itemset:542,542,true,UNKNOWN,UNKNOWN,UNKNOWN,NONE,UNKNOWN,68.0,unclassified,NO_REVIEWED_ITEMSET_PRESENTATION_RULE
itemset:543,543,true,UNKNOWN,UNKNOWN,UNKNOWN,NONE,UNKNOWN,68.0,unclassified,NO_REVIEWED_ITEMSET_PRESENTATION_RULE
itemset:544,544,true,UNKNOWN,UNKNOWN,UNKNOWN,NONE,UNKNOWN,68.0,unclassified,NO_REVIEWED_ITEMSET_PRESENTATION_RULE
itemset:545,545,true,UNKNOWN,UNKNOWN,UNKNOWN,NONE,UNKNOWN,68.0,unclassified,NO_REVIEWED_ITEMSET_PRESENTATION_RULE
itemset:546,546,true,UNKNOWN,UNKNOWN,UNKNOWN,NONE,UNKNOWN,68.0,unclassified,NO_REVIEWED_ITEMSET_PRESENTATION_RULE
itemset:547,547,true,UNKNOWN,UNKNOWN,UNKNOWN,NONE,UNKNOWN,68.0,unclassified,NO_REVIEWED_ITEMSET_PRESENTATION_RULE
itemset:548,548,true,UNKNOWN,UNKNOWN,UNKNOWN,NONE,UNKNOWN,68.0,unclassified,NO_REVIEWED_ITEMSET_PRESENTATION_RULE
itemset:549,549,true,UNKNOWN,UNKNOWN,UNKNOWN,NONE,UNKNOWN,68.0,unclassified,NO_REVIEWED_ITEMSET_PRESENTATION_RULE
itemset:550,550,true,UNKNOWN,UNKNOWN,UNKNOWN,NONE,UNKNOWN,68.0,unclassified,NO_REVIEWED_ITEMSET_PRESENTATION_RULE
itemset:551,551,true,UNKNOWN,UNKNOWN,UNKNOWN,NONE,UNKNOWN,68.0,unclassified,NO_REVIEWED_ITEMSET_PRESENTATION_RULE
itemset:552,552,true,UNKNOWN,UNKNOWN,UNKNOWN,NONE,UNKNOWN,105,unclassified,NO_REVIEWED_ITEMSET_PRESENTATION_RULE
itemset:553,553,true,UNKNOWN,UNKNOWN,UNKNOWN,NONE,UNKNOWN,105,unclassified,NO_REVIEWED_ITEMSET_PRESENTATION_RULE
itemset:554,554,true,UNKNOWN,UNKNOWN,UNKNOWN,NONE,UNKNOWN,115,unclassified,NO_REVIEWED_ITEMSET_PRESENTATION_RULE
itemset:555,555,true,UNKNOWN,UNKNOWN,UNKNOWN,NONE,UNKNOWN,102,unclassified,NO_REVIEWED_ITEMSET_PRESENTATION_RULE
itemset:556,556,true,UNKNOWN,UNKNOWN,UNKNOWN,NONE,UNKNOWN,111.5,unclassified,NO_REVIEWED_ITEMSET_PRESENTATION_RULE
itemset:557,557,true,UNKNOWN,UNKNOWN,UNKNOWN,NONE,UNKNOWN,100,unclassified,NO_REVIEWED_ITEMSET_PRESENTATION_RULE
itemset:558,558,true,UNKNOWN,UNKNOWN,UNKNOWN,NONE,UNKNOWN,114,unclassified,NO_REVIEWED_ITEMSET_PRESENTATION_RULE
itemset:559,559,true,UNKNOWN,UNKNOWN,UNKNOWN,NONE,UNKNOWN,105.0,unclassified,NO_REVIEWED_ITEMSET_PRESENTATION_RULE
itemset:560,560,true,UNKNOWN,UNKNOWN,UNKNOWN,NONE,UNKNOWN,96,unclassified,NO_REVIEWED_ITEMSET_PRESENTATION_RULE
itemset:561,561,true,UNKNOWN,UNKNOWN,UNKNOWN,NONE,UNKNOWN,94.5,unclassified,NO_REVIEWED_ITEMSET_PRESENTATION_RULE
itemset:562,562,true,UNKNOWN,UNKNOWN,UNKNOWN,NONE,UNKNOWN,103,unclassified,NO_REVIEWED_ITEMSET_PRESENTATION_RULE
itemset:563,563,true,UNKNOWN,UNKNOWN,UNKNOWN,NONE,UNKNOWN,113.5,unclassified,NO_REVIEWED_ITEMSET_PRESENTATION_RULE
itemset:564,564,true,UNKNOWN,UNKNOWN,UNKNOWN,NONE,UNKNOWN,113.5,unclassified,NO_REVIEWED_ITEMSET_PRESENTATION_RULE
itemset:565,565,true,UNKNOWN,UNKNOWN,UNKNOWN,NONE,UNKNOWN,114,unclassified,NO_REVIEWED_ITEMSET_PRESENTATION_RULE
itemset:566,566,true,UNKNOWN,UNKNOWN,UNKNOWN,NONE,UNKNOWN,115.0,unclassified,NO_REVIEWED_ITEMSET_PRESENTATION_RULE
itemset:567,567,true,UNKNOWN,UNKNOWN,UNKNOWN,NONE,UNKNOWN,123,unclassified,NO_REVIEWED_ITEMSET_PRESENTATION_RULE
itemset:568,568,true,UNKNOWN,UNKNOWN,UNKNOWN,NONE,UNKNOWN,123,unclassified,NO_REVIEWED_ITEMSET_PRESENTATION_RULE
itemset:569,569,true,UNKNOWN,UNKNOWN,UNKNOWN,NONE,UNKNOWN,114,unclassified,NO_REVIEWED_ITEMSET_PRESENTATION_RULE
itemset:570,570,true,UNKNOWN,UNKNOWN,UNKNOWN,NONE,UNKNOWN,108.5,unclassified,NO_REVIEWED_ITEMSET_PRESENTATION_RULE
itemset:571,571,true,UNKNOWN,UNKNOWN,UNKNOWN,NONE,UNKNOWN,105.0,unclassified,NO_REVIEWED_ITEMSET_PRESENTATION_RULE
itemset:572,572,true,UNKNOWN,UNKNOWN,UNKNOWN,NONE,UNKNOWN,105.0,unclassified,NO_REVIEWED_ITEMSET_PRESENTATION_RULE
itemset:573,573,true,UNKNOWN,UNKNOWN,UNKNOWN,NONE,UNKNOWN,112,unclassified,NO_REVIEWED_ITEMSET_PRESENTATION_RULE
itemset:574,574,true,UNKNOWN,UNKNOWN,UNKNOWN,NONE,UNKNOWN,113,unclassified,NO_REVIEWED_ITEMSET_PRESENTATION_RULE
itemset:575,575,true,UNKNOWN,UNKNOWN,UNKNOWN,NONE,UNKNOWN,114,unclassified,NO_REVIEWED_ITEMSET_PRESENTATION_RULE
itemset:576,576,true,UNKNOWN,UNKNOWN,UNKNOWN,NONE,UNKNOWN,106,unclassified,NO_REVIEWED_ITEMSET_PRESENTATION_RULE
itemset:577,577,true,UNKNOWN,UNKNOWN,UNKNOWN,NONE,UNKNOWN,123,unclassified,NO_REVIEWED_ITEMSET_PRESENTATION_RULE
itemset:578,578,true,UNKNOWN,UNKNOWN,UNKNOWN,NONE,UNKNOWN,123,unclassified,NO_REVIEWED_ITEMSET_PRESENTATION_RULE
itemset:579,579,true,UNKNOWN,UNKNOWN,UNKNOWN,NONE,UNKNOWN,123,unclassified,NO_REVIEWED_ITEMSET_PRESENTATION_RULE
itemset:580,580,true,UNKNOWN,UNKNOWN,UNKNOWN,NONE,UNKNOWN,123,unclassified,NO_REVIEWED_ITEMSET_PRESENTATION_RULE
itemset:581,581,true,UNKNOWN,UNKNOWN,UNKNOWN,NONE,UNKNOWN,123,unclassified,NO_REVIEWED_ITEMSET_PRESENTATION_RULE
itemset:582,582,true,UNKNOWN,UNKNOWN,UNKNOWN,NONE,UNKNOWN,123,unclassified,NO_REVIEWED_ITEMSET_PRESENTATION_RULE
itemset:583,583,true,UNKNOWN,UNKNOWN,UNKNOWN,NONE,UNKNOWN,123,unclassified,NO_REVIEWED_ITEMSET_PRESENTATION_RULE
itemset:584,584,true,UNKNOWN,UNKNOWN,UNKNOWN,NONE,UNKNOWN,123,unclassified,NO_REVIEWED_ITEMSET_PRESENTATION_RULE
itemset:585,585,true,UNKNOWN,UNKNOWN,UNKNOWN,NONE,UNKNOWN,123,unclassified,NO_REVIEWED_ITEMSET_PRESENTATION_RULE
itemset:586,586,true,UNKNOWN,UNKNOWN,UNKNOWN,NONE,UNKNOWN,123,unclassified,NO_REVIEWED_ITEMSET_PRESENTATION_RULE
itemset:587,587,true,UNKNOWN,UNKNOWN,UNKNOWN,NONE,UNKNOWN,115,unclassified,NO_REVIEWED_ITEMSET_PRESENTATION_RULE
itemset:588,588,true,UNKNOWN,UNKNOWN,UNKNOWN,NONE,UNKNOWN,115,unclassified,NO_REVIEWED_ITEMSET_PRESENTATION_RULE
itemset:589,589,true,UNKNOWN,UNKNOWN,UNKNOWN,NONE,UNKNOWN,115,unclassified,NO_REVIEWED_ITEMSET_PRESENTATION_RULE
itemset:590,590,true,UNKNOWN,UNKNOWN,UNKNOWN,NONE,UNKNOWN,115,unclassified,NO_REVIEWED_ITEMSET_PRESENTATION_RULE
itemset:591,591,true,UNKNOWN,UNKNOWN,UNKNOWN,NONE,UNKNOWN,115,unclassified,NO_REVIEWED_ITEMSET_PRESENTATION_RULE
itemset:592,592,true,UNKNOWN,UNKNOWN,UNKNOWN,NONE,UNKNOWN,115,unclassified,NO_REVIEWED_ITEMSET_PRESENTATION_RULE
itemset:593,593,true,UNKNOWN,UNKNOWN,UNKNOWN,NONE,UNKNOWN,115,unclassified,NO_REVIEWED_ITEMSET_PRESENTATION_RULE
itemset:594,594,true,UNKNOWN,UNKNOWN,UNKNOWN,NONE,UNKNOWN,115,unclassified,NO_REVIEWED_ITEMSET_PRESENTATION_RULE
itemset:595,595,true,UNKNOWN,UNKNOWN,UNKNOWN,NONE,UNKNOWN,115,unclassified,NO_REVIEWED_ITEMSET_PRESENTATION_RULE
itemset:596,596,true,UNKNOWN,UNKNOWN,UNKNOWN,NONE,UNKNOWN,115,unclassified,NO_REVIEWED_ITEMSET_PRESENTATION_RULE
itemset:597,597,true,UNKNOWN,UNKNOWN,UNKNOWN,NONE,UNKNOWN,115,unclassified,NO_REVIEWED_ITEMSET_PRESENTATION_RULE
itemset:598,598,true,UNKNOWN,UNKNOWN,UNKNOWN,NONE,UNKNOWN,115,unclassified,NO_REVIEWED_ITEMSET_PRESENTATION_RULE
itemset:599,599,true,UNKNOWN,UNKNOWN,UNKNOWN,NONE,UNKNOWN,115,unclassified,NO_REVIEWED_ITEMSET_PRESENTATION_RULE
itemset:600,600,true,UNKNOWN,UNKNOWN,UNKNOWN,NONE,UNKNOWN,115,unclassified,NO_REVIEWED_ITEMSET_PRESENTATION_RULE
itemset:601,601,true,UNKNOWN,UNKNOWN,UNKNOWN,NONE,UNKNOWN,115,unclassified,NO_REVIEWED_ITEMSET_PRESENTATION_RULE
itemset:602,602,true,UNKNOWN,UNKNOWN,UNKNOWN,NONE,UNKNOWN,115,unclassified,NO_REVIEWED_ITEMSET_PRESENTATION_RULE
itemset:603,603,true,UNKNOWN,UNKNOWN,UNKNOWN,NONE,UNKNOWN,115,unclassified,NO_REVIEWED_ITEMSET_PRESENTATION_RULE
itemset:604,604,true,UNKNOWN,UNKNOWN,UNKNOWN,NONE,UNKNOWN,115,unclassified,NO_REVIEWED_ITEMSET_PRESENTATION_RULE
itemset:605,605,true,UNKNOWN,UNKNOWN,UNKNOWN,NONE,UNKNOWN,115,unclassified,NO_REVIEWED_ITEMSET_PRESENTATION_RULE
itemset:606,606,true,UNKNOWN,UNKNOWN,UNKNOWN,NONE,UNKNOWN,115,unclassified,NO_REVIEWED_ITEMSET_PRESENTATION_RULE
itemset:607,607,true,UNKNOWN,UNKNOWN,UNKNOWN,NONE,UNKNOWN,115,unclassified,NO_REVIEWED_ITEMSET_PRESENTATION_RULE
itemset:608,608,true,UNKNOWN,UNKNOWN,UNKNOWN,NONE,UNKNOWN,115,unclassified,NO_REVIEWED_ITEMSET_PRESENTATION_RULE
itemset:609,609,true,UNKNOWN,UNKNOWN,UNKNOWN,NONE,UNKNOWN,115,unclassified,NO_REVIEWED_ITEMSET_PRESENTATION_RULE
itemset:610,610,true,UNKNOWN,UNKNOWN,UNKNOWN,NONE,UNKNOWN,115,unclassified,NO_REVIEWED_ITEMSET_PRESENTATION_RULE
itemset:611,611,true,UNKNOWN,UNKNOWN,UNKNOWN,NONE,UNKNOWN,96.0,unclassified,NO_REVIEWED_ITEMSET_PRESENTATION_RULE
itemset:612,612,true,UNKNOWN,UNKNOWN,UNKNOWN,NONE,UNKNOWN,97.5,unclassified,NO_REVIEWED_ITEMSET_PRESENTATION_RULE
itemset:613,613,true,UNKNOWN,UNKNOWN,UNKNOWN,NONE,UNKNOWN,97.5,unclassified,NO_REVIEWED_ITEMSET_PRESENTATION_RULE
itemset:614,614,true,UNKNOWN,UNKNOWN,UNKNOWN,NONE,UNKNOWN,96.0,unclassified,NO_REVIEWED_ITEMSET_PRESENTATION_RULE
itemset:615,615,true,UNKNOWN,UNKNOWN,UNKNOWN,NONE,UNKNOWN,123,unclassified,NO_REVIEWED_ITEMSET_PRESENTATION_RULE
itemset:616,616,true,UNKNOWN,UNKNOWN,UNKNOWN,NONE,UNKNOWN,115,unclassified,NO_REVIEWED_ITEMSET_PRESENTATION_RULE
itemset:617,617,true,UNKNOWN,UNKNOWN,UNKNOWN,NONE,UNKNOWN,115,unclassified,NO_REVIEWED_ITEMSET_PRESENTATION_RULE
itemset:618,618,true,UNKNOWN,UNKNOWN,UNKNOWN,NONE,UNKNOWN,115,unclassified,NO_REVIEWED_ITEMSET_PRESENTATION_RULE
itemset:619,619,true,UNKNOWN,UNKNOWN,UNKNOWN,NONE,UNKNOWN,115,unclassified,NO_REVIEWED_ITEMSET_PRESENTATION_RULE
itemset:620,620,true,UNKNOWN,UNKNOWN,UNKNOWN,NONE,UNKNOWN,115,unclassified,NO_REVIEWED_ITEMSET_PRESENTATION_RULE
itemset:621,621,true,UNKNOWN,UNKNOWN,UNKNOWN,NONE,UNKNOWN,120,unclassified,NO_REVIEWED_ITEMSET_PRESENTATION_RULE
itemset:622,622,true,UNKNOWN,UNKNOWN,UNKNOWN,NONE,UNKNOWN,133,unclassified,NO_REVIEWED_ITEMSET_PRESENTATION_RULE
itemset:623,623,true,UNKNOWN,UNKNOWN,UNKNOWN,NONE,UNKNOWN,115,unclassified,NO_REVIEWED_ITEMSET_PRESENTATION_RULE
itemset:624,624,true,UNKNOWN,UNKNOWN,UNKNOWN,NONE,UNKNOWN,120,unclassified,NO_REVIEWED_ITEMSET_PRESENTATION_RULE
itemset:625,625,true,UNKNOWN,UNKNOWN,UNKNOWN,NONE,UNKNOWN,120,unclassified,NO_REVIEWED_ITEMSET_PRESENTATION_RULE
itemset:626,626,true,UNKNOWN,UNKNOWN,UNKNOWN,NONE,UNKNOWN,120,unclassified,NO_REVIEWED_ITEMSET_PRESENTATION_RULE
itemset:627,627,true,UNKNOWN,UNKNOWN,UNKNOWN,NONE,UNKNOWN,133,unclassified,NO_REVIEWED_ITEMSET_PRESENTATION_RULE
itemset:628,628,true,UNKNOWN,UNKNOWN,UNKNOWN,NONE,UNKNOWN,133,unclassified,NO_REVIEWED_ITEMSET_PRESENTATION_RULE
itemset:629,629,true,UNKNOWN,UNKNOWN,UNKNOWN,NONE,UNKNOWN,133,unclassified,NO_REVIEWED_ITEMSET_PRESENTATION_RULE
itemset:630,630,true,UNKNOWN,UNKNOWN,UNKNOWN,NONE,UNKNOWN,115,unclassified,NO_REVIEWED_ITEMSET_PRESENTATION_RULE
itemset:631,631,true,UNKNOWN,UNKNOWN,UNKNOWN,NONE,UNKNOWN,120,unclassified,NO_REVIEWED_ITEMSET_PRESENTATION_RULE
itemset:632,632,true,UNKNOWN,UNKNOWN,UNKNOWN,NONE,UNKNOWN,120,unclassified,NO_REVIEWED_ITEMSET_PRESENTATION_RULE
itemset:633,633,true,UNKNOWN,UNKNOWN,UNKNOWN,NONE,UNKNOWN,120,unclassified,NO_REVIEWED_ITEMSET_PRESENTATION_RULE
itemset:634,634,true,UNKNOWN,UNKNOWN,UNKNOWN,NONE,UNKNOWN,133,unclassified,NO_REVIEWED_ITEMSET_PRESENTATION_RULE
itemset:635,635,true,UNKNOWN,UNKNOWN,UNKNOWN,NONE,UNKNOWN,133,unclassified,NO_REVIEWED_ITEMSET_PRESENTATION_RULE
itemset:636,636,true,UNKNOWN,UNKNOWN,UNKNOWN,NONE,UNKNOWN,133,unclassified,NO_REVIEWED_ITEMSET_PRESENTATION_RULE
itemset:637,637,true,UNKNOWN,UNKNOWN,UNKNOWN,NONE,UNKNOWN,115,unclassified,NO_REVIEWED_ITEMSET_PRESENTATION_RULE
itemset:638,638,true,UNKNOWN,UNKNOWN,UNKNOWN,NONE,UNKNOWN,120,unclassified,NO_REVIEWED_ITEMSET_PRESENTATION_RULE
itemset:639,639,true,UNKNOWN,UNKNOWN,UNKNOWN,NONE,UNKNOWN,120,unclassified,NO_REVIEWED_ITEMSET_PRESENTATION_RULE
itemset:640,640,true,UNKNOWN,UNKNOWN,UNKNOWN,NONE,UNKNOWN,120,unclassified,NO_REVIEWED_ITEMSET_PRESENTATION_RULE
itemset:641,641,true,UNKNOWN,UNKNOWN,UNKNOWN,NONE,UNKNOWN,133,unclassified,NO_REVIEWED_ITEMSET_PRESENTATION_RULE
itemset:642,642,true,UNKNOWN,UNKNOWN,UNKNOWN,NONE,UNKNOWN,133,unclassified,NO_REVIEWED_ITEMSET_PRESENTATION_RULE
itemset:643,643,true,UNKNOWN,UNKNOWN,UNKNOWN,NONE,UNKNOWN,133,unclassified,NO_REVIEWED_ITEMSET_PRESENTATION_RULE
itemset:644,644,true,UNKNOWN,UNKNOWN,UNKNOWN,NONE,UNKNOWN,115,unclassified,NO_REVIEWED_ITEMSET_PRESENTATION_RULE
itemset:645,645,true,UNKNOWN,UNKNOWN,UNKNOWN,NONE,UNKNOWN,120,unclassified,NO_REVIEWED_ITEMSET_PRESENTATION_RULE
itemset:646,646,true,UNKNOWN,UNKNOWN,UNKNOWN,NONE,UNKNOWN,133,unclassified,NO_REVIEWED_ITEMSET_PRESENTATION_RULE
itemset:647,647,true,UNKNOWN,UNKNOWN,UNKNOWN,NONE,UNKNOWN,115,unclassified,NO_REVIEWED_ITEMSET_PRESENTATION_RULE
itemset:648,648,true,UNKNOWN,UNKNOWN,UNKNOWN,NONE,UNKNOWN,120,unclassified,NO_REVIEWED_ITEMSET_PRESENTATION_RULE
itemset:649,649,true,UNKNOWN,UNKNOWN,UNKNOWN,NONE,UNKNOWN,133,unclassified,NO_REVIEWED_ITEMSET_PRESENTATION_RULE
itemset:650,650,true,UNKNOWN,UNKNOWN,UNKNOWN,NONE,UNKNOWN,115,unclassified,NO_REVIEWED_ITEMSET_PRESENTATION_RULE
itemset:651,651,true,UNKNOWN,UNKNOWN,UNKNOWN,NONE,UNKNOWN,120,unclassified,NO_REVIEWED_ITEMSET_PRESENTATION_RULE
itemset:652,652,true,UNKNOWN,UNKNOWN,UNKNOWN,NONE,UNKNOWN,133,unclassified,NO_REVIEWED_ITEMSET_PRESENTATION_RULE
itemset:653,653,true,UNKNOWN,UNKNOWN,UNKNOWN,NONE,UNKNOWN,115,unclassified,NO_REVIEWED_ITEMSET_PRESENTATION_RULE
itemset:654,654,true,UNKNOWN,UNKNOWN,UNKNOWN,NONE,UNKNOWN,120,unclassified,NO_REVIEWED_ITEMSET_PRESENTATION_RULE
itemset:655,655,true,UNKNOWN,UNKNOWN,UNKNOWN,NONE,UNKNOWN,120,unclassified,NO_REVIEWED_ITEMSET_PRESENTATION_RULE
itemset:656,656,true,UNKNOWN,UNKNOWN,UNKNOWN,NONE,UNKNOWN,133,unclassified,NO_REVIEWED_ITEMSET_PRESENTATION_RULE
itemset:657,657,true,UNKNOWN,UNKNOWN,UNKNOWN,NONE,UNKNOWN,133,unclassified,NO_REVIEWED_ITEMSET_PRESENTATION_RULE
itemset:658,658,true,UNKNOWN,UNKNOWN,UNKNOWN,NONE,UNKNOWN,115,unclassified,NO_REVIEWED_ITEMSET_PRESENTATION_RULE
itemset:659,659,true,UNKNOWN,UNKNOWN,UNKNOWN,NONE,UNKNOWN,115,unclassified,NO_REVIEWED_ITEMSET_PRESENTATION_RULE
itemset:660,660,true,UNKNOWN,UNKNOWN,UNKNOWN,NONE,UNKNOWN,115,unclassified,NO_REVIEWED_ITEMSET_PRESENTATION_RULE
itemset:661,661,true,UNKNOWN,UNKNOWN,UNKNOWN,NONE,UNKNOWN,115,unclassified,NO_REVIEWED_ITEMSET_PRESENTATION_RULE
itemset:662,662,true,UNKNOWN,UNKNOWN,UNKNOWN,NONE,UNKNOWN,115,unclassified,NO_REVIEWED_ITEMSET_PRESENTATION_RULE
itemset:663,663,true,UNKNOWN,UNKNOWN,UNKNOWN,NONE,UNKNOWN,120,unclassified,NO_REVIEWED_ITEMSET_PRESENTATION_RULE
itemset:664,664,true,UNKNOWN,UNKNOWN,UNKNOWN,NONE,UNKNOWN,120,unclassified,NO_REVIEWED_ITEMSET_PRESENTATION_RULE
itemset:665,665,true,UNKNOWN,UNKNOWN,UNKNOWN,NONE,UNKNOWN,133,unclassified,NO_REVIEWED_ITEMSET_PRESENTATION_RULE
itemset:666,666,true,UNKNOWN,UNKNOWN,UNKNOWN,NONE,UNKNOWN,133,unclassified,NO_REVIEWED_ITEMSET_PRESENTATION_RULE
itemset:667,667,false,UNKNOWN,UNKNOWN,UNKNOWN,NONE,UNKNOWN,100.0,unclassified,NO_REVIEWED_ITEMSET_PRESENTATION_RULE
itemset:668,668,true,UNKNOWN,UNKNOWN,UNKNOWN,NONE,UNKNOWN,146.0,unclassified,NO_REVIEWED_ITEMSET_PRESENTATION_RULE
itemset:669,669,true,UNKNOWN,UNKNOWN,UNKNOWN,NONE,UNKNOWN,146.0,unclassified,NO_REVIEWED_ITEMSET_PRESENTATION_RULE
itemset:670,670,true,UNKNOWN,UNKNOWN,UNKNOWN,NONE,UNKNOWN,146.0,unclassified,NO_REVIEWED_ITEMSET_PRESENTATION_RULE
itemset:671,671,true,UNKNOWN,UNKNOWN,UNKNOWN,NONE,UNKNOWN,146.0,unclassified,NO_REVIEWED_ITEMSET_PRESENTATION_RULE
itemset:672,672,true,UNKNOWN,UNKNOWN,UNKNOWN,NONE,UNKNOWN,146.0,unclassified,NO_REVIEWED_ITEMSET_PRESENTATION_RULE
itemset:673,673,true,UNKNOWN,UNKNOWN,UNKNOWN,NONE,UNKNOWN,146.0,unclassified,NO_REVIEWED_ITEMSET_PRESENTATION_RULE
itemset:674,674,true,UNKNOWN,UNKNOWN,UNKNOWN,NONE,UNKNOWN,146.0,unclassified,NO_REVIEWED_ITEMSET_PRESENTATION_RULE
itemset:675,675,true,UNKNOWN,UNKNOWN,UNKNOWN,NONE,UNKNOWN,146.0,unclassified,NO_REVIEWED_ITEMSET_PRESENTATION_RULE
itemset:676,676,true,UNKNOWN,UNKNOWN,UNKNOWN,NONE,UNKNOWN,146.0,unclassified,NO_REVIEWED_ITEMSET_PRESENTATION_RULE
itemset:677,677,true,UNKNOWN,UNKNOWN,UNKNOWN,NONE,UNKNOWN,146.0,unclassified,NO_REVIEWED_ITEMSET_PRESENTATION_RULE
itemset:678,678,true,UNKNOWN,UNKNOWN,UNKNOWN,NONE,UNKNOWN,146.0,unclassified,NO_REVIEWED_ITEMSET_PRESENTATION_RULE
itemset:679,679,true,UNKNOWN,UNKNOWN,UNKNOWN,NONE,UNKNOWN,146.0,unclassified,NO_REVIEWED_ITEMSET_PRESENTATION_RULE
itemset:680,680,true,UNKNOWN,UNKNOWN,UNKNOWN,NONE,UNKNOWN,146.0,unclassified,NO_REVIEWED_ITEMSET_PRESENTATION_RULE
itemset:681,681,true,UNKNOWN,UNKNOWN,UNKNOWN,NONE,UNKNOWN,146.0,unclassified,NO_REVIEWED_ITEMSET_PRESENTATION_RULE
itemset:682,682,true,UNKNOWN,UNKNOWN,UNKNOWN,NONE,UNKNOWN,146.0,unclassified,NO_REVIEWED_ITEMSET_PRESENTATION_RULE
itemset:683,683,true,UNKNOWN,UNKNOWN,UNKNOWN,NONE,UNKNOWN,146.0,unclassified,NO_REVIEWED_ITEMSET_PRESENTATION_RULE
itemset:684,684,true,UNKNOWN,UNKNOWN,UNKNOWN,NONE,UNKNOWN,146.0,unclassified,NO_REVIEWED_ITEMSET_PRESENTATION_RULE
itemset:685,685,true,UNKNOWN,UNKNOWN,UNKNOWN,NONE,UNKNOWN,123,unclassified,NO_REVIEWED_ITEMSET_PRESENTATION_RULE
itemset:686,686,true,UNKNOWN,UNKNOWN,UNKNOWN,NONE,UNKNOWN,123,unclassified,NO_REVIEWED_ITEMSET_PRESENTATION_RULE
itemset:687,687,true,UNKNOWN,UNKNOWN,UNKNOWN,NONE,UNKNOWN,123,unclassified,NO_REVIEWED_ITEMSET_PRESENTATION_RULE
itemset:688,688,true,UNKNOWN,UNKNOWN,UNKNOWN,NONE,UNKNOWN,115,unclassified,NO_REVIEWED_ITEMSET_PRESENTATION_RULE
itemset:689,689,true,UNKNOWN,UNKNOWN,UNKNOWN,NONE,UNKNOWN,115,unclassified,NO_REVIEWED_ITEMSET_PRESENTATION_RULE
itemset:690,690,true,UNKNOWN,UNKNOWN,UNKNOWN,NONE,UNKNOWN,123,unclassified,NO_REVIEWED_ITEMSET_PRESENTATION_RULE
itemset:691,691,true,UNKNOWN,UNKNOWN,UNKNOWN,NONE,UNKNOWN,115,unclassified,NO_REVIEWED_ITEMSET_PRESENTATION_RULE
itemset:692,692,true,UNKNOWN,UNKNOWN,UNKNOWN,NONE,UNKNOWN,115,unclassified,NO_REVIEWED_ITEMSET_PRESENTATION_RULE
itemset:693,693,true,UNKNOWN,UNKNOWN,UNKNOWN,NONE,UNKNOWN,115,unclassified,NO_REVIEWED_ITEMSET_PRESENTATION_RULE
itemset:694,694,true,UNKNOWN,UNKNOWN,UNKNOWN,NONE,UNKNOWN,115,unclassified,NO_REVIEWED_ITEMSET_PRESENTATION_RULE
itemset:695,695,true,UNKNOWN,UNKNOWN,UNKNOWN,NONE,UNKNOWN,115,unclassified,NO_REVIEWED_ITEMSET_PRESENTATION_RULE
itemset:696,696,true,UNKNOWN,UNKNOWN,UNKNOWN,NONE,UNKNOWN,115,unclassified,NO_REVIEWED_ITEMSET_PRESENTATION_RULE
itemset:697,697,true,UNKNOWN,UNKNOWN,UNKNOWN,NONE,UNKNOWN,68.0,unclassified,NO_REVIEWED_ITEMSET_PRESENTATION_RULE
itemset:698,698,true,UNKNOWN,UNKNOWN,UNKNOWN,NONE,UNKNOWN,72.5,unclassified,NO_REVIEWED_ITEMSET_PRESENTATION_RULE
itemset:699,699,true,UNKNOWN,UNKNOWN,UNKNOWN,NONE,UNKNOWN,156.0,unclassified,NO_REVIEWED_ITEMSET_PRESENTATION_RULE
itemset:700,700,false,UNKNOWN,UNKNOWN,UNKNOWN,NONE,UNKNOWN,0,unclassified,NO_REVIEWED_ITEMSET_PRESENTATION_RULE
itemset:701,701,false,UNKNOWN,UNKNOWN,UNKNOWN,NONE,UNKNOWN,0,unclassified,NO_REVIEWED_ITEMSET_PRESENTATION_RULE
itemset:702,702,false,UNKNOWN,UNKNOWN,UNKNOWN,NONE,UNKNOWN,0,unclassified,NO_REVIEWED_ITEMSET_PRESENTATION_RULE
itemset:703,703,false,UNKNOWN,UNKNOWN,UNKNOWN,NONE,UNKNOWN,0,unclassified,NO_REVIEWED_ITEMSET_PRESENTATION_RULE
itemset:704,704,false,UNKNOWN,UNKNOWN,UNKNOWN,NONE,UNKNOWN,0,unclassified,NO_REVIEWED_ITEMSET_PRESENTATION_RULE
itemset:705,705,false,UNKNOWN,UNKNOWN,UNKNOWN,NONE,UNKNOWN,0,unclassified,NO_REVIEWED_ITEMSET_PRESENTATION_RULE
itemset:706,706,false,UNKNOWN,UNKNOWN,UNKNOWN,NONE,UNKNOWN,0,unclassified,NO_REVIEWED_ITEMSET_PRESENTATION_RULE
itemset:707,707,false,UNKNOWN,UNKNOWN,UNKNOWN,NONE,UNKNOWN,0,unclassified,NO_REVIEWED_ITEMSET_PRESENTATION_RULE
itemset:708,708,false,UNKNOWN,UNKNOWN,UNKNOWN,NONE,UNKNOWN,0,unclassified,NO_REVIEWED_ITEMSET_PRESENTATION_RULE
itemset:709,709,false,UNKNOWN,UNKNOWN,UNKNOWN,NONE,UNKNOWN,0,unclassified,NO_REVIEWED_ITEMSET_PRESENTATION_RULE
itemset:710,710,false,UNKNOWN,UNKNOWN,UNKNOWN,NONE,UNKNOWN,0,unclassified,NO_REVIEWED_ITEMSET_PRESENTATION_RULE
itemset:711,711,false,UNKNOWN,UNKNOWN,UNKNOWN,NONE,UNKNOWN,0,unclassified,NO_REVIEWED_ITEMSET_PRESENTATION_RULE
itemset:712,712,false,UNKNOWN,UNKNOWN,UNKNOWN,NONE,UNKNOWN,0,unclassified,NO_REVIEWED_ITEMSET_PRESENTATION_RULE
itemset:713,713,false,UNKNOWN,UNKNOWN,UNKNOWN,NONE,UNKNOWN,0,unclassified,NO_REVIEWED_ITEMSET_PRESENTATION_RULE
itemset:714,714,false,UNKNOWN,UNKNOWN,UNKNOWN,NONE,UNKNOWN,0,unclassified,NO_REVIEWED_ITEMSET_PRESENTATION_RULE
itemset:715,715,false,UNKNOWN,UNKNOWN,UNKNOWN,NONE,UNKNOWN,0,unclassified,NO_REVIEWED_ITEMSET_PRESENTATION_RULE
itemset:716,716,false,UNKNOWN,UNKNOWN,UNKNOWN,NONE,UNKNOWN,0,unclassified,NO_REVIEWED_ITEMSET_PRESENTATION_RULE
itemset:717,717,true,UNKNOWN,UNKNOWN,UNKNOWN,NONE,UNKNOWN,72.5,unclassified,NO_REVIEWED_ITEMSET_PRESENTATION_RULE
itemset:718,718,true,UNKNOWN,UNKNOWN,UNKNOWN,NONE,UNKNOWN,68.0,unclassified,NO_REVIEWED_ITEMSET_PRESENTATION_RULE
itemset:719,719,true,UNKNOWN,UNKNOWN,UNKNOWN,NONE,UNKNOWN,141.0,unclassified,NO_REVIEWED_ITEMSET_PRESENTATION_RULE
itemset:720,720,false,UNKNOWN,UNKNOWN,UNKNOWN,NONE,UNKNOWN,0,unclassified,NO_REVIEWED_ITEMSET_PRESENTATION_RULE
itemset:721,721,false,UNKNOWN,UNKNOWN,UNKNOWN,NONE,UNKNOWN,0,unclassified,NO_REVIEWED_ITEMSET_PRESENTATION_RULE
itemset:722,722,false,UNKNOWN,UNKNOWN,UNKNOWN,NONE,UNKNOWN,0,unclassified,NO_REVIEWED_ITEMSET_PRESENTATION_RULE
itemset:723,723,false,UNKNOWN,UNKNOWN,UNKNOWN,NONE,UNKNOWN,0,unclassified,NO_REVIEWED_ITEMSET_PRESENTATION_RULE
itemset:724,724,false,UNKNOWN,UNKNOWN,UNKNOWN,NONE,UNKNOWN,0,unclassified,NO_REVIEWED_ITEMSET_PRESENTATION_RULE
itemset:725,725,false,UNKNOWN,UNKNOWN,UNKNOWN,NONE,UNKNOWN,0,unclassified,NO_REVIEWED_ITEMSET_PRESENTATION_RULE
itemset:726,726,false,UNKNOWN,UNKNOWN,UNKNOWN,NONE,UNKNOWN,0,unclassified,NO_REVIEWED_ITEMSET_PRESENTATION_RULE
itemset:727,727,false,UNKNOWN,UNKNOWN,UNKNOWN,NONE,UNKNOWN,0,unclassified,NO_REVIEWED_ITEMSET_PRESENTATION_RULE
itemset:728,728,false,UNKNOWN,UNKNOWN,UNKNOWN,NONE,UNKNOWN,0,unclassified,NO_REVIEWED_ITEMSET_PRESENTATION_RULE
itemset:729,729,false,UNKNOWN,UNKNOWN,UNKNOWN,NONE,UNKNOWN,0,unclassified,NO_REVIEWED_ITEMSET_PRESENTATION_RULE
itemset:730,730,false,UNKNOWN,UNKNOWN,UNKNOWN,NONE,UNKNOWN,0,unclassified,NO_REVIEWED_ITEMSET_PRESENTATION_RULE
itemset:731,731,false,UNKNOWN,UNKNOWN,UNKNOWN,NONE,UNKNOWN,0,unclassified,NO_REVIEWED_ITEMSET_PRESENTATION_RULE
itemset:732,732,false,UNKNOWN,UNKNOWN,UNKNOWN,NONE,UNKNOWN,0,unclassified,NO_REVIEWED_ITEMSET_PRESENTATION_RULE
itemset:733,733,false,UNKNOWN,UNKNOWN,UNKNOWN,NONE,UNKNOWN,0,unclassified,NO_REVIEWED_ITEMSET_PRESENTATION_RULE
itemset:734,734,false,UNKNOWN,UNKNOWN,UNKNOWN,NONE,UNKNOWN,0,unclassified,NO_REVIEWED_ITEMSET_PRESENTATION_RULE
itemset:735,735,false,UNKNOWN,UNKNOWN,UNKNOWN,NONE,UNKNOWN,0,unclassified,NO_REVIEWED_ITEMSET_PRESENTATION_RULE
itemset:736,736,false,UNKNOWN,UNKNOWN,UNKNOWN,NONE,UNKNOWN,0,unclassified,NO_REVIEWED_ITEMSET_PRESENTATION_RULE
itemset:737,737,false,UNKNOWN,UNKNOWN,UNKNOWN,NONE,UNKNOWN,115.0,unclassified,NO_REVIEWED_ITEMSET_PRESENTATION_RULE
itemset:738,738,true,UNKNOWN,UNKNOWN,UNKNOWN,NONE,UNKNOWN,115,unclassified,NO_REVIEWED_ITEMSET_PRESENTATION_RULE
itemset:739,739,true,UNKNOWN,UNKNOWN,UNKNOWN,NONE,UNKNOWN,115,unclassified,NO_REVIEWED_ITEMSET_PRESENTATION_RULE
itemset:740,740,true,UNKNOWN,UNKNOWN,UNKNOWN,NONE,UNKNOWN,115,unclassified,NO_REVIEWED_ITEMSET_PRESENTATION_RULE
itemset:741,741,true,UNKNOWN,UNKNOWN,UNKNOWN,NONE,UNKNOWN,115,unclassified,NO_REVIEWED_ITEMSET_PRESENTATION_RULE
itemset:742,742,true,UNKNOWN,UNKNOWN,UNKNOWN,NONE,UNKNOWN,115,unclassified,NO_REVIEWED_ITEMSET_PRESENTATION_RULE
itemset:743,743,true,UNKNOWN,UNKNOWN,UNKNOWN,NONE,UNKNOWN,115,unclassified,NO_REVIEWED_ITEMSET_PRESENTATION_RULE
itemset:744,744,true,UNKNOWN,UNKNOWN,UNKNOWN,NONE,UNKNOWN,115,unclassified,NO_REVIEWED_ITEMSET_PRESENTATION_RULE
itemset:745,745,true,UNKNOWN,UNKNOWN,UNKNOWN,NONE,UNKNOWN,115,unclassified,NO_REVIEWED_ITEMSET_PRESENTATION_RULE
itemset:746,746,true,UNKNOWN,UNKNOWN,UNKNOWN,NONE,UNKNOWN,115,unclassified,NO_REVIEWED_ITEMSET_PRESENTATION_RULE
itemset:747,747,true,UNKNOWN,UNKNOWN,UNKNOWN,NONE,UNKNOWN,115,unclassified,NO_REVIEWED_ITEMSET_PRESENTATION_RULE
itemset:748,748,true,UNKNOWN,UNKNOWN,UNKNOWN,NONE,UNKNOWN,115,unclassified,NO_REVIEWED_ITEMSET_PRESENTATION_RULE
itemset:749,749,true,UNKNOWN,UNKNOWN,UNKNOWN,NONE,UNKNOWN,115,unclassified,NO_REVIEWED_ITEMSET_PRESENTATION_RULE
itemset:750,750,true,UNKNOWN,UNKNOWN,UNKNOWN,NONE,UNKNOWN,115,unclassified,NO_REVIEWED_ITEMSET_PRESENTATION_RULE
itemset:751,751,true,UNKNOWN,UNKNOWN,UNKNOWN,NONE,UNKNOWN,115,unclassified,NO_REVIEWED_ITEMSET_PRESENTATION_RULE
itemset:752,752,true,UNKNOWN,UNKNOWN,UNKNOWN,NONE,UNKNOWN,115,unclassified,NO_REVIEWED_ITEMSET_PRESENTATION_RULE
itemset:754,754,true,UNKNOWN,UNKNOWN,UNKNOWN,NONE,UNKNOWN,146.0,unclassified,NO_REVIEWED_ITEMSET_PRESENTATION_RULE
itemset:755,755,true,UNKNOWN,UNKNOWN,UNKNOWN,NONE,UNKNOWN,140.0,unclassified,NO_REVIEWED_ITEMSET_PRESENTATION_RULE
itemset:756,756,true,UNKNOWN,UNKNOWN,UNKNOWN,NONE,UNKNOWN,142.0,unclassified,NO_REVIEWED_ITEMSET_PRESENTATION_RULE
itemset:757,757,true,UNKNOWN,UNKNOWN,UNKNOWN,NONE,UNKNOWN,142.0,unclassified,NO_REVIEWED_ITEMSET_PRESENTATION_RULE
itemset:759,759,false,UNKNOWN,UNKNOWN,UNKNOWN,NONE,UNKNOWN,154.0,unclassified,NO_REVIEWED_ITEMSET_PRESENTATION_RULE
itemset:760,760,true,UNKNOWN,UNKNOWN,UNKNOWN,NONE,UNKNOWN,159,unclassified,NO_REVIEWED_ITEMSET_PRESENTATION_RULE
itemset:761,761,true,UNKNOWN,UNKNOWN,UNKNOWN,NONE,UNKNOWN,1,unclassified,NO_REVIEWED_ITEMSET_PRESENTATION_RULE
itemset:762,762,true,UNKNOWN,UNKNOWN,UNKNOWN,NONE,UNKNOWN,1.0,unclassified,NO_REVIEWED_ITEMSET_PRESENTATION_RULE
itemset:763,763,true,UNKNOWN,UNKNOWN,UNKNOWN,NONE,UNKNOWN,138.0,unclassified,NO_REVIEWED_ITEMSET_PRESENTATION_RULE
itemset:764,764,true,UNKNOWN,UNKNOWN,UNKNOWN,NONE,UNKNOWN,158.0,unclassified,NO_REVIEWED_ITEMSET_PRESENTATION_RULE
itemset:765,765,true,UNKNOWN,UNKNOWN,UNKNOWN,NONE,UNKNOWN,136,unclassified,NO_REVIEWED_ITEMSET_PRESENTATION_RULE
itemset:766,766,true,UNKNOWN,UNKNOWN,UNKNOWN,NONE,UNKNOWN,123,unclassified,NO_REVIEWED_ITEMSET_PRESENTATION_RULE
itemset:767,767,true,UNKNOWN,UNKNOWN,UNKNOWN,NONE,UNKNOWN,123,unclassified,NO_REVIEWED_ITEMSET_PRESENTATION_RULE
itemset:768,768,true,UNKNOWN,UNKNOWN,UNKNOWN,NONE,UNKNOWN,200,unclassified,NO_REVIEWED_ITEMSET_PRESENTATION_RULE
itemset:769,769,true,UNKNOWN,UNKNOWN,UNKNOWN,NONE,UNKNOWN,136,unclassified,NO_REVIEWED_ITEMSET_PRESENTATION_RULE
itemset:770,770,true,UNKNOWN,UNKNOWN,UNKNOWN,NONE,UNKNOWN,123,unclassified,NO_REVIEWED_ITEMSET_PRESENTATION_RULE
itemset:771,771,true,UNKNOWN,UNKNOWN,UNKNOWN,NONE,UNKNOWN,146,unclassified,NO_REVIEWED_ITEMSET_PRESENTATION_RULE
itemset:772,772,true,UNKNOWN,UNKNOWN,UNKNOWN,NONE,UNKNOWN,123,unclassified,NO_REVIEWED_ITEMSET_PRESENTATION_RULE
itemset:773,773,true,UNKNOWN,UNKNOWN,UNKNOWN,NONE,UNKNOWN,123,unclassified,NO_REVIEWED_ITEMSET_PRESENTATION_RULE
itemset:774,774,true,UNKNOWN,UNKNOWN,UNKNOWN,NONE,UNKNOWN,123,unclassified,NO_REVIEWED_ITEMSET_PRESENTATION_RULE
itemset:775,775,true,UNKNOWN,UNKNOWN,UNKNOWN,NONE,UNKNOWN,136,unclassified,NO_REVIEWED_ITEMSET_PRESENTATION_RULE
itemset:776,776,true,UNKNOWN,UNKNOWN,UNKNOWN,NONE,UNKNOWN,136,unclassified,NO_REVIEWED_ITEMSET_PRESENTATION_RULE
itemset:777,777,true,UNKNOWN,UNKNOWN,UNKNOWN,NONE,UNKNOWN,123,unclassified,NO_REVIEWED_ITEMSET_PRESENTATION_RULE
itemset:778,778,true,UNKNOWN,UNKNOWN,UNKNOWN,NONE,UNKNOWN,123,unclassified,NO_REVIEWED_ITEMSET_PRESENTATION_RULE
itemset:779,779,true,UNKNOWN,UNKNOWN,UNKNOWN,NONE,UNKNOWN,123,unclassified,NO_REVIEWED_ITEMSET_PRESENTATION_RULE
itemset:780,780,true,UNKNOWN,UNKNOWN,UNKNOWN,NONE,UNKNOWN,123,unclassified,NO_REVIEWED_ITEMSET_PRESENTATION_RULE
itemset:781,781,true,UNKNOWN,UNKNOWN,UNKNOWN,NONE,UNKNOWN,115.0,unclassified,NO_REVIEWED_ITEMSET_PRESENTATION_RULE
itemset:782,782,true,UNKNOWN,UNKNOWN,UNKNOWN,NONE,UNKNOWN,115.0,unclassified,NO_REVIEWED_ITEMSET_PRESENTATION_RULE
itemset:783,783,true,UNKNOWN,UNKNOWN,UNKNOWN,NONE,UNKNOWN,115.0,unclassified,NO_REVIEWED_ITEMSET_PRESENTATION_RULE
itemset:784,784,true,UNKNOWN,UNKNOWN,UNKNOWN,NONE,UNKNOWN,115.0,unclassified,NO_REVIEWED_ITEMSET_PRESENTATION_RULE
itemset:785,785,true,UNKNOWN,UNKNOWN,UNKNOWN,NONE,UNKNOWN,1,unclassified,NO_REVIEWED_ITEMSET_PRESENTATION_RULE
itemset:787,787,true,REVIEWED,WRATH,PVE,T7,RAID,200,wrath-t7-naxx,REVIEWED_ITEMSET_RANGE_WRATH_T7_NAXX
itemset:788,788,true,REVIEWED,WRATH,PVE,T7,RAID,200,wrath-t7-naxx,REVIEWED_ITEMSET_RANGE_WRATH_T7_NAXX
itemset:789,789,true,REVIEWED,WRATH,PVE,T7,RAID,200,wrath-t7-naxx,REVIEWED_ITEMSET_RANGE_WRATH_T7_NAXX
itemset:790,790,true,REVIEWED,WRATH,PVE,T7,RAID,200,wrath-t7-naxx,REVIEWED_ITEMSET_RANGE_WRATH_T7_NAXX
itemset:791,791,true,REVIEWED,WRATH,PVE,T7,RAID,200,wrath-t7-naxx,REVIEWED_ITEMSET_RANGE_WRATH_T7_NAXX
itemset:792,792,true,REVIEWED,WRATH,PVE,T7,RAID,200,wrath-t7-naxx,REVIEWED_ITEMSET_RANGE_WRATH_T7_NAXX
itemset:793,793,true,REVIEWED,WRATH,PVE,T7,RAID,200,wrath-t7-naxx,REVIEWED_ITEMSET_RANGE_WRATH_T7_NAXX
itemset:794,794,true,REVIEWED,WRATH,PVE,T7,RAID,200,wrath-t7-naxx,REVIEWED_ITEMSET_RANGE_WRATH_T7_NAXX
itemset:795,795,true,REVIEWED,WRATH,PVE,T7,RAID,200,wrath-t7-naxx,REVIEWED_ITEMSET_RANGE_WRATH_T7_NAXX
itemset:796,796,true,REVIEWED,WRATH,PVE,T7,RAID,200,wrath-t7-naxx,REVIEWED_ITEMSET_RANGE_WRATH_T7_NAXX
itemset:797,797,true,REVIEWED,WRATH,PVE,T7,RAID,200,wrath-t7-naxx,REVIEWED_ITEMSET_RANGE_WRATH_T7_NAXX
itemset:798,798,true,REVIEWED,WRATH,PVE,T7,RAID,200,wrath-t7-naxx,REVIEWED_ITEMSET_RANGE_WRATH_T7_NAXX
itemset:799,799,true,REVIEWED,WRATH,PVE,T7,RAID,200,wrath-t7-naxx,REVIEWED_ITEMSET_RANGE_WRATH_T7_NAXX
itemset:800,800,true,REVIEWED,WRATH,PVE,T7,RAID,200,wrath-t7-naxx,REVIEWED_ITEMSET_RANGE_WRATH_T7_NAXX
itemset:801,801,true,REVIEWED,WRATH,PVE,T7,HIGH,213,wrath-t7-naxx,REVIEWED_ITEMSET_RANGE_WRATH_T7_NAXX_HIGH_ITEM_LEVEL
itemset:802,802,true,REVIEWED,WRATH,PVE,T7,RAID,200,wrath-t7-naxx,REVIEWED_ITEMSET_RANGE_WRATH_T7_NAXX
itemset:803,803,true,REVIEWED,WRATH,PVE,T7,RAID,200,wrath-t7-naxx,REVIEWED_ITEMSET_RANGE_WRATH_T7_NAXX
itemset:804,804,true,REVIEWED,WRATH,PVE,T7,RAID,200,wrath-t7-naxx,REVIEWED_ITEMSET_RANGE_WRATH_T7_NAXX
itemset:805,805,true,REVIEWED,WRATH,PVE,T7,RAID,200,wrath-t7-naxx,REVIEWED_ITEMSET_RANGE_WRATH_T7_NAXX
itemset:812,812,true,UNKNOWN,UNKNOWN,UNKNOWN,NONE,UNKNOWN,24.0,unclassified,NO_REVIEWED_ITEMSET_PRESENTATION_RULE
itemset:813,813,true,UNKNOWN,UNKNOWN,UNKNOWN,NONE,UNKNOWN,187.0,unclassified,NO_REVIEWED_ITEMSET_PRESENTATION_RULE
itemset:814,814,true,UNKNOWN,UNKNOWN,UNKNOWN,NONE,UNKNOWN,187.0,unclassified,NO_REVIEWED_ITEMSET_PRESENTATION_RULE
itemset:815,815,true,UNKNOWN,UNKNOWN,UNKNOWN,NONE,UNKNOWN,187.0,unclassified,NO_REVIEWED_ITEMSET_PRESENTATION_RULE
itemset:816,816,true,UNKNOWN,UNKNOWN,UNKNOWN,NONE,UNKNOWN,187.0,unclassified,NO_REVIEWED_ITEMSET_PRESENTATION_RULE
itemset:817,817,true,UNKNOWN,UNKNOWN,UNKNOWN,NONE,UNKNOWN,187.0,unclassified,NO_REVIEWED_ITEMSET_PRESENTATION_RULE
itemset:818,818,true,UNKNOWN,UNKNOWN,UNKNOWN,NONE,UNKNOWN,187.0,unclassified,NO_REVIEWED_ITEMSET_PRESENTATION_RULE
itemset:819,819,true,UNKNOWN,UNKNOWN,UNKNOWN,NONE,UNKNOWN,187.0,unclassified,NO_REVIEWED_ITEMSET_PRESENTATION_RULE
itemset:820,820,true,REVIEWED,WRATH,PVE,T8,RAID,219,wrath-t8-ulduar,REVIEWED_ITEMSET_RANGE_WRATH_T8_ULDUAR
itemset:821,821,true,REVIEWED,WRATH,PVE,T8,HIGH,226,wrath-t8-ulduar,REVIEWED_ITEMSET_RANGE_WRATH_T8_ULDUAR_HIGH_ITEM_LEVEL
itemset:822,822,true,REVIEWED,WRATH,PVE,T8,HIGH,226,wrath-t8-ulduar,REVIEWED_ITEMSET_RANGE_WRATH_T8_ULDUAR_HIGH_ITEM_LEVEL
itemset:823,823,true,REVIEWED,WRATH,PVE,T8,HIGH,226,wrath-t8-ulduar,REVIEWED_ITEMSET_RANGE_WRATH_T8_ULDUAR_HIGH_ITEM_LEVEL
itemset:824,824,true,REVIEWED,WRATH,PVE,T8,HIGH,226,wrath-t8-ulduar,REVIEWED_ITEMSET_RANGE_WRATH_T8_ULDUAR_HIGH_ITEM_LEVEL
itemset:825,825,true,REVIEWED,WRATH,PVE,T8,HIGH,226,wrath-t8-ulduar,REVIEWED_ITEMSET_RANGE_WRATH_T8_ULDUAR_HIGH_ITEM_LEVEL
itemset:826,826,true,REVIEWED,WRATH,PVE,T8,HIGH,226,wrath-t8-ulduar,REVIEWED_ITEMSET_RANGE_WRATH_T8_ULDUAR_HIGH_ITEM_LEVEL
itemset:827,827,true,REVIEWED,WRATH,PVE,T8,RAID,219,wrath-t8-ulduar,REVIEWED_ITEMSET_RANGE_WRATH_T8_ULDUAR
itemset:828,828,true,REVIEWED,WRATH,PVE,T8,RAID,219,wrath-t8-ulduar,REVIEWED_ITEMSET_RANGE_WRATH_T8_ULDUAR
itemset:829,829,true,REVIEWED,WRATH,PVE,T8,RAID,219,wrath-t8-ulduar,REVIEWED_ITEMSET_RANGE_WRATH_T8_ULDUAR
itemset:830,830,true,REVIEWED,WRATH,PVE,T8,RAID,219,wrath-t8-ulduar,REVIEWED_ITEMSET_RANGE_WRATH_T8_ULDUAR
itemset:831,831,true,REVIEWED,WRATH,PVE,T8,RAID,219,wrath-t8-ulduar,REVIEWED_ITEMSET_RANGE_WRATH_T8_ULDUAR
itemset:832,832,true,REVIEWED,WRATH,PVE,T8,HIGH,226,wrath-t8-ulduar,REVIEWED_ITEMSET_RANGE_WRATH_T8_ULDUAR_HIGH_ITEM_LEVEL
itemset:833,833,true,REVIEWED,WRATH,PVE,T8,RAID,219,wrath-t8-ulduar,REVIEWED_ITEMSET_RANGE_WRATH_T8_ULDUAR
itemset:834,834,true,REVIEWED,WRATH,PVE,T8,HIGH,226,wrath-t8-ulduar,REVIEWED_ITEMSET_RANGE_WRATH_T8_ULDUAR_HIGH_ITEM_LEVEL
itemset:835,835,true,REVIEWED,WRATH,PVE,T8,HIGH,226,wrath-t8-ulduar,REVIEWED_ITEMSET_RANGE_WRATH_T8_ULDUAR_HIGH_ITEM_LEVEL
itemset:836,836,true,REVIEWED,WRATH,PVE,T8,RAID,219,wrath-t8-ulduar,REVIEWED_ITEMSET_RANGE_WRATH_T8_ULDUAR
itemset:837,837,true,REVIEWED,WRATH,PVE,T8,HIGH,226,wrath-t8-ulduar,REVIEWED_ITEMSET_RANGE_WRATH_T8_ULDUAR_HIGH_ITEM_LEVEL
itemset:838,838,true,REVIEWED,WRATH,PVE,T8,HIGH,226,wrath-t8-ulduar,REVIEWED_ITEMSET_RANGE_WRATH_T8_ULDUAR_HIGH_ITEM_LEVEL
itemset:843,843,true,REVIEWED,WRATH,PVE,T9,RAID,232,wrath-t9-toc,REVIEWED_ITEMSET_RANGE_WRATH_T9_TOC
itemset:844,844,true,REVIEWED,WRATH,PVE,T9,RAID,232,wrath-t9-toc,REVIEWED_ITEMSET_RANGE_WRATH_T9_TOC
itemset:845,845,true,REVIEWED,WRATH,PVE,T9,RAID,232,wrath-t9-toc,REVIEWED_ITEMSET_RANGE_WRATH_T9_TOC
itemset:846,846,true,REVIEWED,WRATH,PVE,T9,RAID,232,wrath-t9-toc,REVIEWED_ITEMSET_RANGE_WRATH_T9_TOC
itemset:847,847,true,REVIEWED,WRATH,PVE,T9,RAID,232,wrath-t9-toc,REVIEWED_ITEMSET_RANGE_WRATH_T9_TOC
itemset:848,848,true,REVIEWED,WRATH,PVE,T9,RAID,232,wrath-t9-toc,REVIEWED_ITEMSET_RANGE_WRATH_T9_TOC
itemset:849,849,true,REVIEWED,WRATH,PVE,T9,RAID,232,wrath-t9-toc,REVIEWED_ITEMSET_RANGE_WRATH_T9_TOC
itemset:850,850,true,REVIEWED,WRATH,PVE,T9,RAID,232,wrath-t9-toc,REVIEWED_ITEMSET_RANGE_WRATH_T9_TOC
itemset:851,851,true,REVIEWED,WRATH,PVE,T9,RAID,232,wrath-t9-toc,REVIEWED_ITEMSET_RANGE_WRATH_T9_TOC
itemset:852,852,true,REVIEWED,WRATH,PVE,T9,RAID,232,wrath-t9-toc,REVIEWED_ITEMSET_RANGE_WRATH_T9_TOC
itemset:853,853,true,REVIEWED,WRATH,PVE,T9,RAID,232,wrath-t9-toc,REVIEWED_ITEMSET_RANGE_WRATH_T9_TOC
itemset:854,854,true,REVIEWED,WRATH,PVE,T9,RAID,232,wrath-t9-toc,REVIEWED_ITEMSET_RANGE_WRATH_T9_TOC
itemset:855,855,true,REVIEWED,WRATH,PVE,T9,RAID,232,wrath-t9-toc,REVIEWED_ITEMSET_RANGE_WRATH_T9_TOC
itemset:856,856,true,REVIEWED,WRATH,PVE,T9,RAID,232,wrath-t9-toc,REVIEWED_ITEMSET_RANGE_WRATH_T9_TOC
itemset:857,857,true,REVIEWED,WRATH,PVE,T9,RAID,232,wrath-t9-toc,REVIEWED_ITEMSET_RANGE_WRATH_T9_TOC
itemset:858,858,true,REVIEWED,WRATH,PVE,T9,RAID,232,wrath-t9-toc,REVIEWED_ITEMSET_RANGE_WRATH_T9_TOC
itemset:859,859,true,REVIEWED,WRATH,PVE,T9,RAID,232,wrath-t9-toc,REVIEWED_ITEMSET_RANGE_WRATH_T9_TOC
itemset:860,860,true,REVIEWED,WRATH,PVE,T9,RAID,232,wrath-t9-toc,REVIEWED_ITEMSET_RANGE_WRATH_T9_TOC
itemset:861,861,true,REVIEWED,WRATH,PVE,T9,RAID,232,wrath-t9-toc,REVIEWED_ITEMSET_RANGE_WRATH_T9_TOC
itemset:862,862,true,REVIEWED,WRATH,PVE,T9,RAID,232,wrath-t9-toc,REVIEWED_ITEMSET_RANGE_WRATH_T9_TOC
itemset:863,863,true,REVIEWED,WRATH,PVE,T9,RAID,232,wrath-t9-toc,REVIEWED_ITEMSET_RANGE_WRATH_T9_TOC
itemset:864,864,true,REVIEWED,WRATH,PVE,T9,RAID,232,wrath-t9-toc,REVIEWED_ITEMSET_RANGE_WRATH_T9_TOC
itemset:865,865,true,REVIEWED,WRATH,PVE,T9,RAID,232,wrath-t9-toc,REVIEWED_ITEMSET_RANGE_WRATH_T9_TOC
itemset:866,866,true,REVIEWED,WRATH,PVE,T9,RAID,232,wrath-t9-toc,REVIEWED_ITEMSET_RANGE_WRATH_T9_TOC
itemset:867,867,true,REVIEWED,WRATH,PVE,T9,RAID,232,wrath-t9-toc,REVIEWED_ITEMSET_RANGE_WRATH_T9_TOC
itemset:868,868,true,REVIEWED,WRATH,PVE,T9,RAID,232,wrath-t9-toc,REVIEWED_ITEMSET_RANGE_WRATH_T9_TOC
itemset:869,869,true,REVIEWED,WRATH,PVE,T9,RAID,232,wrath-t9-toc,REVIEWED_ITEMSET_RANGE_WRATH_T9_TOC
itemset:870,870,true,REVIEWED,WRATH,PVE,T9,RAID,232,wrath-t9-toc,REVIEWED_ITEMSET_RANGE_WRATH_T9_TOC
itemset:871,871,true,REVIEWED,WRATH,PVE,T9,RAID,232,wrath-t9-toc,REVIEWED_ITEMSET_RANGE_WRATH_T9_TOC
itemset:872,872,true,REVIEWED,WRATH,PVE,T9,RAID,232,wrath-t9-toc,REVIEWED_ITEMSET_RANGE_WRATH_T9_TOC
itemset:873,873,true,REVIEWED,WRATH,PVE,T9,RAID,232,wrath-t9-toc,REVIEWED_ITEMSET_RANGE_WRATH_T9_TOC
itemset:874,874,true,REVIEWED,WRATH,PVE,T9,RAID,232,wrath-t9-toc,REVIEWED_ITEMSET_RANGE_WRATH_T9_TOC
itemset:875,875,true,REVIEWED,WRATH,PVE,T9,RAID,232,wrath-t9-toc,REVIEWED_ITEMSET_RANGE_WRATH_T9_TOC
itemset:876,876,true,REVIEWED,WRATH,PVE,T9,RAID,232,wrath-t9-toc,REVIEWED_ITEMSET_RANGE_WRATH_T9_TOC
itemset:877,877,true,REVIEWED,WRATH,PVE,T9,RAID,232,wrath-t9-toc,REVIEWED_ITEMSET_RANGE_WRATH_T9_TOC
itemset:878,878,true,REVIEWED,WRATH,PVE,T9,RAID,232,wrath-t9-toc,REVIEWED_ITEMSET_RANGE_WRATH_T9_TOC
itemset:879,879,true,REVIEWED,WRATH,PVE,T9,RAID,232,wrath-t9-toc,REVIEWED_ITEMSET_RANGE_WRATH_T9_TOC
itemset:880,880,true,REVIEWED,WRATH,PVE,T9,RAID,232,wrath-t9-toc,REVIEWED_ITEMSET_RANGE_WRATH_T9_TOC
itemset:881,881,false,UNKNOWN,UNKNOWN,UNKNOWN,NONE,UNKNOWN,232.0,unclassified,NO_REVIEWED_ITEMSET_PRESENTATION_RULE
itemset:882,882,false,UNKNOWN,UNKNOWN,UNKNOWN,NONE,UNKNOWN,245.0,unclassified,NO_REVIEWED_ITEMSET_PRESENTATION_RULE
itemset:883,883,true,REVIEWED,WRATH,PVE,T10,RAID,251,wrath-t10-icc,REVIEWED_ITEMSET_RANGE_WRATH_T10_ICC
itemset:884,884,true,REVIEWED,WRATH,PVE,T10,RAID,251,wrath-t10-icc,REVIEWED_ITEMSET_RANGE_WRATH_T10_ICC
itemset:885,885,true,REVIEWED,WRATH,PVE,T10,RAID,251,wrath-t10-icc,REVIEWED_ITEMSET_RANGE_WRATH_T10_ICC
itemset:886,886,true,REVIEWED,WRATH,PVE,T10,RAID,251,wrath-t10-icc,REVIEWED_ITEMSET_RANGE_WRATH_T10_ICC
itemset:887,887,true,REVIEWED,WRATH,PVE,T10,RAID,251,wrath-t10-icc,REVIEWED_ITEMSET_RANGE_WRATH_T10_ICC
itemset:888,888,true,REVIEWED,WRATH,PVE,T10,RAID,251,wrath-t10-icc,REVIEWED_ITEMSET_RANGE_WRATH_T10_ICC
itemset:889,889,true,REVIEWED,WRATH,PVE,T10,RAID,251,wrath-t10-icc,REVIEWED_ITEMSET_RANGE_WRATH_T10_ICC
itemset:890,890,true,REVIEWED,WRATH,PVE,T10,RAID,251,wrath-t10-icc,REVIEWED_ITEMSET_RANGE_WRATH_T10_ICC
itemset:891,891,true,REVIEWED,WRATH,PVE,T10,RAID,251,wrath-t10-icc,REVIEWED_ITEMSET_RANGE_WRATH_T10_ICC
itemset:892,892,true,REVIEWED,WRATH,PVE,T10,RAID,251,wrath-t10-icc,REVIEWED_ITEMSET_RANGE_WRATH_T10_ICC
itemset:893,893,true,REVIEWED,WRATH,PVE,T10,RAID,251,wrath-t10-icc,REVIEWED_ITEMSET_RANGE_WRATH_T10_ICC
itemset:894,894,true,REVIEWED,WRATH,PVE,T10,RAID,251,wrath-t10-icc,REVIEWED_ITEMSET_RANGE_WRATH_T10_ICC
itemset:895,895,true,REVIEWED,WRATH,PVE,T10,RAID,251,wrath-t10-icc,REVIEWED_ITEMSET_RANGE_WRATH_T10_ICC
itemset:896,896,true,REVIEWED,WRATH,PVE,T10,RAID,251,wrath-t10-icc,REVIEWED_ITEMSET_RANGE_WRATH_T10_ICC
itemset:897,897,true,REVIEWED,WRATH,PVE,T10,RAID,251,wrath-t10-icc,REVIEWED_ITEMSET_RANGE_WRATH_T10_ICC
itemset:898,898,true,REVIEWED,WRATH,PVE,T10,RAID,251,wrath-t10-icc,REVIEWED_ITEMSET_RANGE_WRATH_T10_ICC
itemset:899,899,true,REVIEWED,WRATH,PVE,T10,RAID,251,wrath-t10-icc,REVIEWED_ITEMSET_RANGE_WRATH_T10_ICC
itemset:900,900,true,REVIEWED,WRATH,PVE,T10,RAID,251,wrath-t10-icc,REVIEWED_ITEMSET_RANGE_WRATH_T10_ICC
itemset:901,901,true,REVIEWED,WRATH,PVE,T10,RAID,251,wrath-t10-icc,REVIEWED_ITEMSET_RANGE_WRATH_T10_ICC
