typeKey,collectionId,collectionKey,ordinal,lifecycle,name_enUS,name_zhCN,policyKey,sourceBuild,sourceKind,sourceId,actionKind,actionId,assetReady,assetProfile,aliases
mount,100000,mount.acherus_deathcharger,0,active,Acherus Deathcharger,Acherus Deathcharger,unrestricted,3.3.5.12340,spell,48778,mount_spell,48778,true,wotlk_native,
mount,100001,mount.albino_drake,1,active,Albino Drake,白色幼龙的缰绳,unrestricted,3.3.5.12340,spell,60025,mount_spell,60025,true,wotlk_native,
mount,100002,mount.amani_war_bear,2,active,Amani War Bear,阿曼尼战熊,unrestricted,3.3.5.12340,spell,43688,mount_spell,43688,true,wotlk_native,
mount,100003,mount.ancient_frostsaber,3,active,Ancient Frostsaber,上古霜刃豹缰绳,unrestricted,3.3.5.12340,spell,16056,mount_spell,16056,true,wotlk_native,
mount,100004,mount.argent_charger,4,active,Argent Charger,银色军马,unrestricted,3.3.5.12340,spell,66906,mount_spell,66906,true,wotlk_native,
mount,100005,mount.argent_hippogryph,5,active,Argent Hippogryph,银色角鹰兽,unrestricted,3.3.5.12340,spell,63844,mount_spell,63844,true,wotlk_native,
mount,100006,mount.argent_warhorse,6,active,Argent Warhorse,银色战马,unrestricted,3.3.5.12340,spell,67466,mount_spell,67466,true,wotlk_native,
mount,100007,mount.armored_blue_wind_rider,7,active,Armored Blue Wind Rider,装甲蓝色驭风者,unrestricted,3.3.5.12340,spell,61230,mount_spell,61230,true,wotlk_native,
mount,100008,mount.armored_brown_bear,8,active,Armored Brown Bear,装甲棕熊的缰绳,unrestricted,3.3.5.12340,spell,60114,mount_spell,60114,true,wotlk_native,
mount,100009,mount.armored_brown_bear.creature_32207,9,active,Armored Brown Bear,装甲棕熊的缰绳,unrestricted,3.3.5.12340,spell,60116,mount_spell,60116,true,wotlk_native,
mount,100010,mount.armored_snowy_gryphon,10,active,Armored Snowy Gryphon,装甲雪色狮鹫,unrestricted,3.3.5.12340,spell,61229,mount_spell,61229,true,wotlk_native,
mount,100011,mount.ashes_of_al_ar,11,active,Ashes of Al'ar,奥的灰烬,unrestricted,3.3.5.12340,spell,40192,mount_spell,40192,true,wotlk_native,
mount,100012,mount.azure_drake,12,active,Azure Drake,碧蓝幼龙的缰绳,unrestricted,3.3.5.12340,spell,59567,mount_spell,59567,true,wotlk_native,
mount,100013,mount.azure_netherwing_drake,13,active,Azure Netherwing Drake,青色灵翼幼龙的缰绳,unrestricted,3.3.5.12340,spell,41514,mount_spell,41514,true,wotlk_native,
mount,100014,mount.big_battle_bear,14,active,Big Battle Bear,大战熊,unrestricted,3.3.5.12340,spell,51412,mount_spell,51412,true,wotlk_native,
mount,100015,mount.big_blizzard_bear,15,active,Big Blizzard Bear,暴雪巨熊,unrestricted,3.3.5.12340,spell,58983,mount_spell,58983,true,wotlk_native,
mount,100016,mount.big_love_rocket,16,active,Big Love Rocket,爱情火箭,unrestricted,3.3.5.12340,spell,71342,mount_spell,71342,true,wotlk_native,
mount,100017,mount.black_battlestrider,17,active,Black Battlestrider,黑色作战机械陆行鸟,unrestricted,3.3.5.12340,spell,22719,mount_spell,22719,true,wotlk_native,
mount,100018,mount.black_dragonhawk_mount,18,active,Black Dragonhawk Mount,Black Dragonhawk Mount,unrestricted,3.3.5.12340,spell,62048,mount_spell,62048,true,wotlk_native,
mount,100019,mount.black_drake,19,active,Black Drake,黑色幼龙的缰绳,unrestricted,3.3.5.12340,spell,59650,mount_spell,59650,true,wotlk_native,
mount,100020,mount.black_hawkstrider,20,active,Black Hawkstrider,黑色陆行鸟,unrestricted,3.3.5.12340,spell,35022,mount_spell,35022,true,wotlk_native,
mount,100021,mount.black_nightsaber,21,active,Black Nightsaber,夜刃豹缰绳,unrestricted,3.3.5.12340,spell,16055,mount_spell,16055,true,wotlk_native,
mount,100022,mount.black_polar_bear,22,active,Black Polar Bear,黑色北极熊的缰绳,unrestricted,3.3.5.12340,spell,59572,mount_spell,59572,true,wotlk_native,
mount,100023,mount.black_proto_drake,23,active,Black Proto-Drake,黑色始祖幼龙的缰绳,unrestricted,3.3.5.12340,spell,59976,mount_spell,59976,true,wotlk_native,
mount,100024,mount.black_qiraji_battle_tank,24,active,Black Qiraji Battle Tank,黑色其拉共鸣水晶,unrestricted,3.3.5.12340,spell,26656,mount_spell,26656,true,wotlk_native,
mount,100025,mount.black_ram,25,active,Black Ram,黑山羊,unrestricted,3.3.5.12340,spell,17461,mount_spell,17461,true,wotlk_native,
mount,100026,mount.black_skeletal_horse,26,active,Black Skeletal Horse,黑色骷髅战马,unrestricted,3.3.5.12340,spell,64977,mount_spell,64977,true,wotlk_native,
mount,100027,mount.black_stallion,27,active,Black Stallion,黑马缰绳,unrestricted,3.3.5.12340,spell,470,mount_spell,470,true,wotlk_native,
mount,100028,mount.black_war_bear,28,active,Black War Bear,黑色战熊的缰绳,unrestricted,3.3.5.12340,spell,60118,mount_spell,60118,true,wotlk_native,
mount,100029,mount.black_war_bear.creature_32205,29,active,Black War Bear,黑色战熊的缰绳,unrestricted,3.3.5.12340,spell,60119,mount_spell,60119,true,wotlk_native,
mount,100030,mount.black_war_elekk,30,active,Black War Elekk,黑色作战雷象的缰绳,unrestricted,3.3.5.12340,spell,48027,mount_spell,48027,true,wotlk_native,
mount,100031,mount.black_war_kodo,31,active,Black War Kodo,黑色作战科多兽,unrestricted,3.3.5.12340,spell,22718,mount_spell,22718,true,wotlk_native,
mount,100032,mount.black_war_mammoth,32,active,Black War Mammoth,黑色猛犸战象的缰绳,unrestricted,3.3.5.12340,spell,59785,mount_spell,59785,true,wotlk_native,
mount,100033,mount.black_war_mammoth.creature_31850,33,active,Black War Mammoth,黑色猛犸战象的缰绳,unrestricted,3.3.5.12340,spell,59788,mount_spell,59788,true,wotlk_native,
mount,100034,mount.black_war_ram,34,active,Black War Ram,黑色战羊,unrestricted,3.3.5.12340,spell,22720,mount_spell,22720,true,wotlk_native,
mount,100035,mount.black_war_raptor,35,active,Black War Raptor,黑色战斗迅猛龙之哨,unrestricted,3.3.5.12340,spell,22721,mount_spell,22721,true,wotlk_native,
mount,100036,mount.black_war_steed,36,active,Black War Steed,黑色战驹缰绳,unrestricted,3.3.5.12340,spell,22717,mount_spell,22717,true,wotlk_native,
mount,100037,mount.black_war_tiger,37,active,Black War Tiger,黑色军用座虎缰绳,unrestricted,3.3.5.12340,spell,22723,mount_spell,22723,true,wotlk_native,
mount,100038,mount.black_war_wolf,38,active,Black War Wolf,黑色战狼号角,unrestricted,3.3.5.12340,spell,22724,mount_spell,22724,true,wotlk_native,
mount,100039,mount.black_wolf,39,active,Black Wolf,黑狼号角,unrestricted,3.3.5.12340,spell,64658,mount_spell,64658,true,wotlk_native,
mount,100040,mount.blazing_hippogryph,40,active,Blazing Hippogryph,炽焰角鹰兽,unrestricted,3.3.5.12340,spell,74856,mount_spell,74856,true,wotlk_native,
mount,100041,mount.bloodbathed_frostbrood_vanquisher,41,active,Bloodbathed Frostbrood Vanquisher,浴血冰霜征服者缰绳,unrestricted,3.3.5.12340,spell,72808,mount_spell,72808,true,wotlk_native,
mount,100042,mount.blue_dragonhawk,42,active,Blue Dragonhawk,蓝色龙鹰坐骑,unrestricted,3.3.5.12340,spell,61996,mount_spell,61996,true,wotlk_native,
mount,100043,mount.blue_drake,43,active,Blue Drake,蓝色幼龙的缰绳,unrestricted,3.3.5.12340,spell,59568,mount_spell,59568,true,wotlk_native,
mount,100044,mount.blue_hawkstrider,44,active,Blue Hawkstrider,蓝色陆行鸟,unrestricted,3.3.5.12340,spell,35020,mount_spell,35020,true,wotlk_native,
mount,100045,mount.blue_mechanostrider,45,active,Blue Mechanostrider,蓝色机械陆行鸟,unrestricted,3.3.5.12340,spell,10969,mount_spell,10969,true,wotlk_native,
mount,100046,mount.blue_proto_drake,46,active,Blue Proto-Drake,蓝色始祖幼龙的缰绳,unrestricted,3.3.5.12340,spell,59996,mount_spell,59996,true,wotlk_native,
mount,100047,mount.blue_qiraji_battle_tank,47,active,Blue Qiraji Battle Tank,蓝色其拉共鸣水晶,unrestricted,3.3.5.12340,spell,25953,mount_spell,25953,true,wotlk_native,
mount,100048,mount.blue_riding_nether_ray,48,active,Blue Riding Nether Ray,蓝色骑乘虚空鳐,unrestricted,3.3.5.12340,spell,39803,mount_spell,39803,true,wotlk_native,
mount,100049,mount.blue_skeletal_horse,49,active,Blue Skeletal Horse,蓝色骸骨军马,unrestricted,3.3.5.12340,spell,17463,mount_spell,17463,true,wotlk_native,
mount,100050,mount.blue_wind_rider,50,active,Blue Wind Rider,蓝色驭风者,unrestricted,3.3.5.12340,spell,32244,mount_spell,32244,true,wotlk_native,
mount,100051,mount.brewfest_kodo,51,active,Brewfest Kodo,Brewfest Kodo,unrestricted,3.3.5.12340,spell,50869,mount_spell,50869,true,wotlk_native,
mount,100052,mount.brewfest_ram,52,active,Brewfest Ram,美酒节赛羊,unrestricted,3.3.5.12340,spell,43899,mount_spell,43899,true,wotlk_native,
mount,100053,mount.brewfest_riding_kodo,53,active,Brewfest Riding Kodo,美酒节科多兽,unrestricted,3.3.5.12340,spell,49378,mount_spell,49378,true,wotlk_native,
mount,100054,mount.bronze_drake,54,active,Bronze Drake,青铜幼龙的缰绳,unrestricted,3.3.5.12340,spell,59569,mount_spell,59569,true,wotlk_native,
mount,100055,mount.brown_elekk,55,active,Brown Elekk,棕色雷象,unrestricted,3.3.5.12340,spell,34406,mount_spell,34406,true,wotlk_native,
mount,100056,mount.brown_horse,56,active,Brown Horse,棕马缰绳,unrestricted,3.3.5.12340,spell,458,mount_spell,458,true,wotlk_native,
mount,100057,mount.brown_kodo,57,active,Brown Kodo,棕色科多兽,unrestricted,3.3.5.12340,spell,18990,mount_spell,18990,true,wotlk_native,
mount,100058,mount.brown_polar_bear,58,active,Brown Polar Bear,棕色北极熊的缰绳,unrestricted,3.3.5.12340,spell,59573,mount_spell,59573,true,wotlk_native,
mount,100059,mount.brown_ram,59,active,Brown Ram,棕山羊,unrestricted,3.3.5.12340,spell,6899,mount_spell,6899,true,wotlk_native,
mount,100060,mount.brown_skeletal_horse,60,active,Brown Skeletal Horse,棕色骸骨军马,unrestricted,3.3.5.12340,spell,17464,mount_spell,17464,true,wotlk_native,
mount,100061,mount.brown_wolf,61,active,Brown Wolf,棕狼号角,unrestricted,3.3.5.12340,spell,6654,mount_spell,6654,true,wotlk_native,
mount,100062,mount.brutal_nether_drake,62,active,Brutal Nether Drake,野蛮角斗士的虚空幼龙,unrestricted,3.3.5.12340,spell,58615,mount_spell,58615,true,wotlk_native,
mount,100063,mount.celestial_steed,63,active,Celestial Steed,星骓,unrestricted,3.3.5.12340,spell,75614,mount_spell,75614,true,wotlk_native,
mount,100064,mount.cenarion_war_hippogryph,64,active,Cenarion War Hippogryph,塞纳里奥作战角鹰兽,unrestricted,3.3.5.12340,spell,43927,mount_spell,43927,true,wotlk_native,
mount,100065,mount.charger,65,active,Charger,Charger,unrestricted,3.3.5.12340,spell,23214,mount_spell,23214,true,wotlk_native,
mount,100066,mount.chestnut_mare,66,active,Chestnut Mare,栗色马缰绳,unrestricted,3.3.5.12340,spell,6648,mount_spell,6648,true,wotlk_native,
mount,100067,mount.cobalt_netherwing_drake,67,active,Cobalt Netherwing Drake,蓝色灵翼幼龙的缰绳,unrestricted,3.3.5.12340,spell,41515,mount_spell,41515,true,wotlk_native,
mount,100068,mount.cobalt_riding_talbuk,68,active,Cobalt Riding Talbuk,蓝色骑乘塔布羊缰绳,unrestricted,3.3.5.12340,spell,39315,mount_spell,39315,true,wotlk_native,
mount,100069,mount.cobalt_war_talbuk,69,active,Cobalt War Talbuk,蓝色作战塔布羊缰绳,unrestricted,3.3.5.12340,spell,34896,mount_spell,34896,true,wotlk_native,
mount,100070,mount.crimson_deathcharger,70,active,Crimson Deathcharger,血色死亡战马的缰绳,unrestricted,3.3.5.12340,spell,73313,mount_spell,73313,true,wotlk_native,
mount,100071,mount.crusader_s_black_warhorse,71,active,Crusader's Black Warhorse,十字军的黑色战马,unrestricted,3.3.5.12340,spell,68188,mount_spell,68188,true,wotlk_native,
mount,100072,mount.crusader_s_white_warhorse,72,active,Crusader's White Warhorse,十字军的白色战马,unrestricted,3.3.5.12340,spell,68187,mount_spell,68187,true,wotlk_native,
mount,100073,mount.dark_riding_talbuk,73,active,Dark Riding Talbuk,暗色骑乘塔布羊缰绳,unrestricted,3.3.5.12340,spell,39316,mount_spell,39316,true,wotlk_native,
mount,100074,mount.dark_war_talbuk,74,active,Dark War Talbuk,暗色作战塔布羊缰绳,unrestricted,3.3.5.12340,spell,34790,mount_spell,34790,true,wotlk_native,
mount,100075,mount.darkspear_raptor,75,active,Darkspear Raptor,暗矛迅猛龙,unrestricted,3.3.5.12340,spell,63635,mount_spell,63635,true,wotlk_native,
mount,100076,mount.darnassian_nightsaber,76,active,Darnassian Nightsaber,达纳苏斯夜刃豹,unrestricted,3.3.5.12340,spell,63637,mount_spell,63637,true,wotlk_native,
mount,100077,mount.deadly_gladiator_s_frost_wyrm,77,active,Deadly Gladiator's Frost Wyrm,致命角斗士的冰霜巨龙,unrestricted,3.3.5.12340,spell,64927,mount_spell,64927,true,wotlk_native,
mount,100078,mount.dire_wolf,78,active,Dire Wolf,恐狼号角,unrestricted,3.3.5.12340,spell,6653,mount_spell,6653,true,wotlk_native,
mount,100079,mount.dreadsteed,79,active,Dreadsteed,Dreadsteed,unrestricted,3.3.5.12340,spell,23161,mount_spell,23161,true,wotlk_native,
mount,100080,mount.ebon_gryphon,80,active,Ebon Gryphon,黑色狮鹫,unrestricted,3.3.5.12340,spell,32239,mount_spell,32239,true,wotlk_native,
mount,100081,mount.emerald_raptor,81,active,Emerald Raptor,绿色迅猛龙之哨,unrestricted,3.3.5.12340,spell,8395,mount_spell,8395,true,wotlk_native,
mount,100082,mount.exodar_elekk,82,active,Exodar Elekk,埃索达雷象,unrestricted,3.3.5.12340,spell,63639,mount_spell,63639,true,wotlk_native,
mount,100083,mount.felsteed,83,active,Felsteed,Felsteed,unrestricted,3.3.5.12340,spell,5784,mount_spell,5784,true,wotlk_native,
mount,100084,mount.fiery_warhorse,84,active,Fiery Warhorse,炽热战马的缰绳,unrestricted,3.3.5.12340,spell,36702,mount_spell,36702,true,wotlk_native,
mount,100085,mount.fluorescent_green_mechanostrider,85,active,Fluorescent Green Mechanostrider,绿色荧光机械陆行鸟,unrestricted,3.3.5.12340,spell,17458,mount_spell,17458,true,wotlk_native,
mount,100086,mount.flying_carpet,86,active,Flying Carpet,飞毯,unrestricted,3.3.5.12340,spell,61451,mount_spell,61451,true,wotlk_native,
mount,100087,mount.flying_machine,87,active,Flying Machine,飞行器控制台,unrestricted,3.3.5.12340,spell,44153,mount_spell,44153,true,wotlk_native,
mount,100088,mount.forsaken_warhorse,88,active,Forsaken Warhorse,被遗忘者战马,unrestricted,3.3.5.12340,spell,63643,mount_spell,63643,true,wotlk_native,
mount,100089,mount.frost_ram,89,active,Frost Ram,霜山羊,unrestricted,3.3.5.12340,spell,17460,mount_spell,17460,true,wotlk_native,
mount,100090,mount.frostwolf_howler,90,active,Frostwolf Howler,霜狼嗥叫者的号角,unrestricted,3.3.5.12340,spell,23509,mount_spell,23509,true,wotlk_native,
mount,100091,mount.frosty_flying_carpet,91,active,Frosty Flying Carpet,凝霜飞毯,unrestricted,3.3.5.12340,spell,75596,mount_spell,75596,true,wotlk_native,
mount,100092,mount.furious_gladiator_s_frost_wyrm,92,active,Furious Gladiator's Frost Wyrm,狂怒角斗士的冰霜巨龙,unrestricted,3.3.5.12340,spell,65439,mount_spell,65439,true,wotlk_native,
mount,100093,mount.gnomeregan_mechanostrider,93,active,Gnomeregan Mechanostrider,诺莫瑞根机械陆行鸟,unrestricted,3.3.5.12340,spell,63638,mount_spell,63638,true,wotlk_native,
mount,100094,mount.golden_gryphon,94,active,Golden Gryphon,金色狮鹫,unrestricted,3.3.5.12340,spell,32235,mount_spell,32235,true,wotlk_native,
mount,100095,mount.golden_sabercat,95,active,Golden Sabercat,金色猎豹缰绳,unrestricted,3.3.5.12340,spell,16060,mount_spell,16060,true,wotlk_native,
mount,100096,mount.grand_black_war_mammoth,96,active,Grand Black War Mammoth,重型黑色猛犸战象的缰绳,unrestricted,3.3.5.12340,spell,61467,mount_spell,61467,true,wotlk_native,
mount,100097,mount.grand_black_war_mammoth.creature_31862,97,active,Grand Black War Mammoth,重型黑色猛犸战象的缰绳,unrestricted,3.3.5.12340,spell,61465,mount_spell,61465,true,wotlk_native,
mount,100098,mount.grand_caravan_mammoth,98,active,Grand Caravan Mammoth,Grand Caravan Mammoth,unrestricted,3.3.5.12340,spell,60136,mount_spell,60136,true,wotlk_native,
mount,100099,mount.grand_caravan_mammoth.creature_32213,99,active,Grand Caravan Mammoth,Grand Caravan Mammoth,unrestricted,3.3.5.12340,spell,60140,mount_spell,60140,true,wotlk_native,
mount,100100,mount.grand_ice_mammoth,100,active,Grand Ice Mammoth,重型冰雪猛犸象的缰绳,unrestricted,3.3.5.12340,spell,61469,mount_spell,61469,true,wotlk_native,
mount,100101,mount.grand_ice_mammoth.creature_31858,101,active,Grand Ice Mammoth,重型冰雪猛犸象的缰绳,unrestricted,3.3.5.12340,spell,61470,mount_spell,61470,true,wotlk_native,
mount,100102,mount.gray_elekk,102,active,Gray Elekk,灰色雷象,unrestricted,3.3.5.12340,spell,35710,mount_spell,35710,true,wotlk_native,
mount,100103,mount.gray_kodo,103,active,Gray Kodo,灰色科多兽,unrestricted,3.3.5.12340,spell,18989,mount_spell,18989,true,wotlk_native,
mount,100104,mount.gray_ram,104,active,Gray Ram,灰山羊,unrestricted,3.3.5.12340,spell,6777,mount_spell,6777,true,wotlk_native,
mount,100105,mount.gray_wolf,105,active,Gray Wolf,灰狼号角,unrestricted,3.3.5.12340,spell,459,mount_spell,459,true,wotlk_native,
mount,100106,mount.great_blue_elekk,106,active,Great Blue Elekk,重型蓝色雷象,unrestricted,3.3.5.12340,spell,35713,mount_spell,35713,true,wotlk_native,
mount,100107,mount.great_brewfest_kodo,107,active,Great Brewfest Kodo,大型美酒节科多兽,unrestricted,3.3.5.12340,spell,49379,mount_spell,49379,true,wotlk_native,
mount,100108,mount.great_brown_kodo,108,active,Great Brown Kodo,大型棕色科多兽,unrestricted,3.3.5.12340,spell,23249,mount_spell,23249,true,wotlk_native,
mount,100109,mount.great_elite_elekk,109,active,Great Elite Elekk,重型精英雷象,unrestricted,3.3.5.12340,spell,34407,mount_spell,34407,true,wotlk_native,
mount,100110,mount.great_golden_kodo,110,active,Great Golden Kodo,大型金色科多兽,unrestricted,3.3.5.12340,spell,65641,mount_spell,65641,true,wotlk_native,
mount,100111,mount.great_gray_kodo,111,active,Great Gray Kodo,大型灰色科多兽,unrestricted,3.3.5.12340,spell,23248,mount_spell,23248,true,wotlk_native,
mount,100112,mount.great_green_elekk,112,active,Great Green Elekk,重型绿色雷象,unrestricted,3.3.5.12340,spell,35712,mount_spell,35712,true,wotlk_native,
mount,100113,mount.great_purple_elekk,113,active,Great Purple Elekk,重型紫色雷象,unrestricted,3.3.5.12340,spell,35714,mount_spell,35714,true,wotlk_native,
mount,100114,mount.great_red_elekk,114,active,Great Red Elekk,重型红色雷象,unrestricted,3.3.5.12340,spell,65637,mount_spell,65637,true,wotlk_native,
mount,100115,mount.great_white_kodo,115,active,Great White Kodo,大型白色科多兽,unrestricted,3.3.5.12340,spell,23247,mount_spell,23247,true,wotlk_native,
mount,100116,mount.green_kodo,116,active,Green Kodo,绿色科多兽,unrestricted,3.3.5.12340,spell,18991,mount_spell,18991,true,wotlk_native,
mount,100117,mount.green_mechanostrider,117,active,Green Mechanostrider,绿色机械陆行鸟,unrestricted,3.3.5.12340,spell,17453,mount_spell,17453,true,wotlk_native,
mount,100118,mount.green_proto_drake,118,active,Green Proto-Drake,绿色始祖幼龙的缰绳,unrestricted,3.3.5.12340,spell,61294,mount_spell,61294,true,wotlk_native,
mount,100119,mount.green_qiraji_battle_tank,119,active,Green Qiraji Battle Tank,绿色其拉共鸣水晶,unrestricted,3.3.5.12340,spell,26056,mount_spell,26056,true,wotlk_native,
mount,100120,mount.green_riding_nether_ray,120,active,Green Riding Nether Ray,绿色骑乘虚空鳐,unrestricted,3.3.5.12340,spell,39798,mount_spell,39798,true,wotlk_native,
mount,100121,mount.green_skeletal_warhorse,121,active,Green Skeletal Warhorse,绿色骸骨军马,unrestricted,3.3.5.12340,spell,17465,mount_spell,17465,true,wotlk_native,
mount,100122,mount.green_wind_rider,122,active,Green Wind Rider,绿色驭风者,unrestricted,3.3.5.12340,spell,32245,mount_spell,32245,true,wotlk_native,
mount,100123,mount.headless_horseman_s_mount,123,active,Headless Horseman's Mount,无头骑士的缰绳,unrestricted,3.3.5.12340,spell,48025,mount_spell,48025,true,wotlk_native,
mount,100124,mount.ice_mammoth,124,active,Ice Mammoth,冰雪猛犸象的缰绳,unrestricted,3.3.5.12340,spell,59797,mount_spell,59797,true,wotlk_native,
mount,100125,mount.ice_mammoth.creature_31855,125,active,Ice Mammoth,冰雪猛犸象的缰绳,unrestricted,3.3.5.12340,spell,59799,mount_spell,59799,true,wotlk_native,
mount,100126,mount.icebound_frostbrood_vanquisher,126,active,Icebound Frostbrood Vanquisher,缚寒冰霜征服者缰绳,unrestricted,3.3.5.12340,spell,72807,mount_spell,72807,true,wotlk_native,
mount,100127,mount.icy_blue_mechanostrider_mod_a,127,active,Icy Blue Mechanostrider Mod A,冰蓝色机械陆行鸟A型,unrestricted,3.3.5.12340,spell,17459,mount_spell,17459,true,wotlk_native,
mount,100128,mount.invincible,128,active,Invincible,无敌的缰绳,unrestricted,3.3.5.12340,spell,72286,mount_spell,72286,true,wotlk_native,
mount,100129,mount.ironbound_proto_drake,129,active,Ironbound Proto-Drake,铁箍始祖幼龙的缰绳,unrestricted,3.3.5.12340,spell,63956,mount_spell,63956,true,wotlk_native,
mount,100130,mount.ironforge_ram,130,active,Ironforge Ram,铁炉堡战羊,unrestricted,3.3.5.12340,spell,63636,mount_spell,63636,true,wotlk_native,
mount,100131,mount.ivory_raptor,131,active,Ivory Raptor,白色迅猛龙之哨,unrestricted,3.3.5.12340,spell,17450,mount_spell,17450,true,wotlk_native,
mount,100132,mount.magic_rooster,132,active,Magic Rooster,魔法鸡蛋,unrestricted,3.3.5.12340,spell,65917,mount_spell,65917,true,wotlk_native,
mount,100133,mount.magnificent_flying_carpet,133,active,Magnificent Flying Carpet,华丽的飞毯,unrestricted,3.3.5.12340,spell,61309,mount_spell,61309,true,wotlk_native,
mount,100134,mount.mechano_hog,134,active,Mechano-hog,机械路霸,unrestricted,3.3.5.12340,spell,55531,mount_spell,55531,true,wotlk_native,
mount,100135,mount.mekgineer_s_chopper,135,active,Mekgineer's Chopper,机械师的摩托车,unrestricted,3.3.5.12340,spell,60424,mount_spell,60424,true,wotlk_native,
mount,100136,mount.merciless_nether_drake,136,active,Merciless Nether Drake,残酷角斗士的虚空幼龙,unrestricted,3.3.5.12340,spell,44744,mount_spell,44744,true,wotlk_native,
mount,100137,mount.mimiron_s_head,137,active,Mimiron's Head,米米尔隆的头部,unrestricted,3.3.5.12340,spell,63796,mount_spell,63796,true,wotlk_native,
mount,100138,mount.mottled_red_raptor,138,active,Mottled Red Raptor,红色迅猛龙之哨,unrestricted,3.3.5.12340,spell,16084,mount_spell,16084,true,wotlk_native,
mount,100139,mount.naxxramas_deathcharger,139,active,Naxxramas Deathcharger,纳克萨玛斯死亡战马缰绳,unrestricted,3.3.5.12340,spell,29059,mount_spell,29059,true,wotlk_native,
mount,100140,mount.obsidian_raptor,140,active,Obsidian Raptor,黑色迅猛龙之哨,unrestricted,3.3.5.12340,spell,10798,mount_spell,10798,true,wotlk_native,
mount,100141,mount.ochre_skeletal_warhorse,141,active,Ochre Skeletal Warhorse,赭色白骨战马,unrestricted,3.3.5.12340,spell,66846,mount_spell,66846,true,wotlk_native,
mount,100142,mount.onyx_netherwing_drake,142,active,Onyx Netherwing Drake,黑色灵翼幼龙的缰绳,unrestricted,3.3.5.12340,spell,41513,mount_spell,41513,true,wotlk_native,
mount,100143,mount.onyxian_drake,143,active,Onyxian Drake,奥妮克希亚座龙缰绳,unrestricted,3.3.5.12340,spell,69395,mount_spell,69395,true,wotlk_native,
mount,100144,mount.orgrimmar_wolf,144,active,Orgrimmar Wolf,奥格瑞玛战狼,unrestricted,3.3.5.12340,spell,63640,mount_spell,63640,true,wotlk_native,
mount,100145,mount.palomino,145,active,Palomino,褐色马缰绳,unrestricted,3.3.5.12340,spell,16082,mount_spell,16082,true,wotlk_native,
mount,100146,mount.pinto,146,active,Pinto,杂色马缰绳,unrestricted,3.3.5.12340,spell,472,mount_spell,472,true,wotlk_native,
mount,100147,mount.plagued_proto_drake,147,active,Plagued Proto-Drake,被感染的始祖幼龙的缰绳,unrestricted,3.3.5.12340,spell,60021,mount_spell,60021,true,wotlk_native,
mount,100148,mount.primal_leopard,148,active,Primal Leopard,原始猎豹缰绳,unrestricted,3.3.5.12340,spell,16058,mount_spell,16058,true,wotlk_native,
mount,100149,mount.purple_elekk,149,active,Purple Elekk,紫色雷象,unrestricted,3.3.5.12340,spell,35711,mount_spell,35711,true,wotlk_native,
mount,100150,mount.purple_hawkstrider,150,active,Purple Hawkstrider,紫色陆行鸟,unrestricted,3.3.5.12340,spell,35018,mount_spell,35018,true,wotlk_native,
mount,100151,mount.purple_mechanostrider,151,active,Purple Mechanostrider,紫色机械陆行鸟,unrestricted,3.3.5.12340,spell,17455,mount_spell,17455,true,wotlk_native,
mount,100152,mount.purple_netherwing_drake,152,active,Purple Netherwing Drake,紫色灵翼幼龙的缰绳,unrestricted,3.3.5.12340,spell,41516,mount_spell,41516,true,wotlk_native,
mount,100153,mount.purple_riding_nether_ray,153,active,Purple Riding Nether Ray,紫色骑乘虚空鳐,unrestricted,3.3.5.12340,spell,39801,mount_spell,39801,true,wotlk_native,
mount,100154,mount.purple_skeletal_warhorse,154,active,Purple Skeletal Warhorse,紫色骷髅战马,unrestricted,3.3.5.12340,spell,23246,mount_spell,23246,true,wotlk_native,
mount,100155,mount.quel_dorei_steed,155,active,Quel'dorei Steed,奎尔多雷战马,unrestricted,3.3.5.12340,spell,66090,mount_spell,66090,true,wotlk_native,
mount,100156,mount.raven_lord,156,active,Raven Lord,乌鸦之神的缰绳,unrestricted,3.3.5.12340,spell,41252,mount_spell,41252,true,wotlk_native,
mount,100157,mount.red_and_blue_mechanostrider,157,active,Red and Blue Mechanostrider,红蓝两色机械陆行鸟,unrestricted,3.3.5.12340,spell,17456,mount_spell,17456,true,wotlk_native,
mount,100158,mount.red_dragonhawk,158,active,Red Dragonhawk,红色龙鹰坐骑,unrestricted,3.3.5.12340,spell,61997,mount_spell,61997,true,wotlk_native,
mount,100159,mount.red_drake,159,active,Red Drake,红色幼龙的缰绳,unrestricted,3.3.5.12340,spell,59570,mount_spell,59570,true,wotlk_native,
mount,100160,mount.red_hawkstrider,160,active,Red Hawkstrider,红色陆行鸟,unrestricted,3.3.5.12340,spell,34795,mount_spell,34795,true,wotlk_native,
mount,100161,mount.red_mechanostrider,161,active,Red Mechanostrider,红色机械陆行鸟,unrestricted,3.3.5.12340,spell,10873,mount_spell,10873,true,wotlk_native,
mount,100162,mount.red_proto_drake,162,active,Red Proto-Drake,红色始祖幼龙的缰绳,unrestricted,3.3.5.12340,spell,59961,mount_spell,59961,true,wotlk_native,
mount,100163,mount.red_qiraji_battle_tank,163,active,Red Qiraji Battle Tank,红色其拉共鸣水晶,unrestricted,3.3.5.12340,spell,26054,mount_spell,26054,true,wotlk_native,
mount,100164,mount.red_riding_nether_ray,164,active,Red Riding Nether Ray,红色骑乘虚空鳐,unrestricted,3.3.5.12340,spell,39800,mount_spell,39800,true,wotlk_native,
mount,100165,mount.red_skeletal_horse,165,active,Red Skeletal Horse,红色骸骨军马,unrestricted,3.3.5.12340,spell,17462,mount_spell,17462,true,wotlk_native,
mount,100166,mount.red_skeletal_warhorse,166,active,Red Skeletal Warhorse,红色骷髅战马,unrestricted,3.3.5.12340,spell,22722,mount_spell,22722,true,wotlk_native,
mount,100167,mount.red_wolf,167,active,Red Wolf,赤狼号角,unrestricted,3.3.5.12340,spell,16080,mount_spell,16080,true,wotlk_native,
mount,100168,mount.relentless_gladiator_s_frost_wyrm,168,active,Relentless Gladiator's Frost Wyrm,无情角斗士的冰霜巨龙,unrestricted,3.3.5.12340,spell,67336,mount_spell,67336,true,wotlk_native,
mount,100169,mount.riding_turtle,169,active,Riding Turtle,乌龟坐骑,unrestricted,3.3.5.12340,spell,30174,mount_spell,30174,true,wotlk_native,
mount,100170,mount.rivendare_s_deathcharger,170,active,Rivendare's Deathcharger,死亡军马的缰绳,unrestricted,3.3.5.12340,spell,17481,mount_spell,17481,true,wotlk_native,
mount,100171,mount.rusted_proto_drake,171,active,Rusted Proto-Drake,铁锈始祖幼龙的缰绳,unrestricted,3.3.5.12340,spell,63963,mount_spell,63963,true,wotlk_native,
mount,100172,mount.sea_turtle,172,active,Sea Turtle,海龟,unrestricted,3.3.5.12340,spell,64731,mount_spell,64731,true,wotlk_native,
mount,100173,mount.silver_covenant_hippogryph,173,active,Silver Covenant Hippogryph,银色盟约角鹰兽,unrestricted,3.3.5.12340,spell,66087,mount_spell,66087,true,wotlk_native,
mount,100174,mount.silver_riding_nether_ray,174,active,Silver Riding Nether Ray,银色骑乘虚空鳐,unrestricted,3.3.5.12340,spell,39802,mount_spell,39802,true,wotlk_native,
mount,100175,mount.silver_riding_talbuk,175,active,Silver Riding Talbuk,银色骑乘塔布羊缰绳,unrestricted,3.3.5.12340,spell,39317,mount_spell,39317,true,wotlk_native,
mount,100176,mount.silver_war_talbuk,176,active,Silver War Talbuk,银色作战塔布羊缰绳,unrestricted,3.3.5.12340,spell,34898,mount_spell,34898,true,wotlk_native,
mount,100177,mount.silvermoon_hawkstrider,177,active,Silvermoon Hawkstrider,银月城陆行鸟,unrestricted,3.3.5.12340,spell,63642,mount_spell,63642,true,wotlk_native,
mount,100178,mount.skeletal_horse,178,active,Skeletal Horse,骸骨战马号角,unrestricted,3.3.5.12340,spell,8980,mount_spell,8980,true,wotlk_native,
mount,100179,mount.snowy_gryphon,179,active,Snowy Gryphon,雪色狮鹫,unrestricted,3.3.5.12340,spell,32240,mount_spell,32240,true,wotlk_native,
mount,100180,mount.spectral_tiger,180,active,Spectral Tiger,幽灵虎缰绳,unrestricted,3.3.5.12340,spell,42776,mount_spell,42776,true,wotlk_native,
mount,100181,mount.spotted_frostsaber,181,active,Spotted Frostsaber,斑点霜刃豹缰绳,unrestricted,3.3.5.12340,spell,10789,mount_spell,10789,true,wotlk_native,
mount,100182,mount.stormpike_battle_charger,182,active,Stormpike Battle Charger,雷矛军用坐骑,unrestricted,3.3.5.12340,spell,23510,mount_spell,23510,true,wotlk_native,
mount,100183,mount.stormwind_steed,183,active,Stormwind Steed,暴风城战马,unrestricted,3.3.5.12340,spell,63232,mount_spell,63232,true,wotlk_native,
mount,100184,mount.striped_dawnsaber,184,active,Striped Dawnsaber,条纹晨刃豹的缰绳,unrestricted,3.3.5.12340,spell,66847,mount_spell,66847,true,wotlk_native,
mount,100185,mount.striped_frostsaber,185,active,Striped Frostsaber,条纹霜刃豹缰绳,unrestricted,3.3.5.12340,spell,8394,mount_spell,8394,true,wotlk_native,
mount,100186,mount.striped_nightsaber,186,active,Striped Nightsaber,条纹夜刃豹缰绳,unrestricted,3.3.5.12340,spell,10793,mount_spell,10793,true,wotlk_native,
mount,100187,mount.summon_charger,187,active,Summon Charger,Summon Charger,unrestricted,3.3.5.12340,spell,34767,mount_spell,34767,true,wotlk_native,
mount,100188,mount.summon_warhorse,188,active,Summon Warhorse,Summon Warhorse,unrestricted,3.3.5.12340,spell,34769,mount_spell,34769,true,wotlk_native,
mount,100189,mount.sunreaver_dragonhawk,189,active,Sunreaver Dragonhawk,夺日者龙鹰,unrestricted,3.3.5.12340,spell,66088,mount_spell,66088,true,wotlk_native,
mount,100190,mount.sunreaver_hawkstrider,190,active,Sunreaver Hawkstrider,夺日者陆行鸟,unrestricted,3.3.5.12340,spell,66091,mount_spell,66091,true,wotlk_native,
mount,100191,mount.swift_alliance_steed,191,active,Swift Alliance Steed,迅捷联盟战马,unrestricted,3.3.5.12340,spell,68057,mount_spell,68057,true,wotlk_native,
mount,100192,mount.swift_blue_gryphon,192,active,Swift Blue Gryphon,迅捷蓝色狮鹫,unrestricted,3.3.5.12340,spell,32242,mount_spell,32242,true,wotlk_native,
mount,100193,mount.swift_blue_raptor,193,active,Swift Blue Raptor,迅捷蓝色迅猛龙,unrestricted,3.3.5.12340,spell,23241,mount_spell,23241,true,wotlk_native,
mount,100194,mount.swift_brewfest_ram,194,active,Swift Brewfest Ram,迅捷美酒节赛羊,unrestricted,3.3.5.12340,spell,43900,mount_spell,43900,true,wotlk_native,
mount,100195,mount.swift_brown_ram,195,active,Swift Brown Ram,迅捷棕山羊,unrestricted,3.3.5.12340,spell,23238,mount_spell,23238,true,wotlk_native,
mount,100196,mount.swift_brown_steed,196,active,Swift Brown Steed,迅捷棕马,unrestricted,3.3.5.12340,spell,23229,mount_spell,23229,true,wotlk_native,
mount,100197,mount.swift_brown_wolf,197,active,Swift Brown Wolf,迅捷棕狼号角,unrestricted,3.3.5.12340,spell,23250,mount_spell,23250,true,wotlk_native,
mount,100198,mount.swift_burgundy_wolf,198,active,Swift Burgundy Wolf,迅捷紫鬃战狼,unrestricted,3.3.5.12340,spell,65646,mount_spell,65646,true,wotlk_native,
mount,100199,mount.swift_dawnsaber,199,active,Swift Dawnsaber,迅捷晨刃豹缰绳,unrestricted,3.3.5.12340,spell,23220,mount_spell,23220,true,wotlk_native,
mount,100200,mount.swift_frostsaber,200,active,Swift Frostsaber,迅捷霜刃豹缰绳,unrestricted,3.3.5.12340,spell,23221,mount_spell,23221,true,wotlk_native,
mount,100201,mount.swift_gray_ram,201,active,Swift Gray Ram,迅捷灰山羊,unrestricted,3.3.5.12340,spell,23239,mount_spell,23239,true,wotlk_native,
mount,100202,mount.swift_gray_steed,202,active,Swift Gray Steed,迅捷灰色战马,unrestricted,3.3.5.12340,spell,65640,mount_spell,65640,true,wotlk_native,
mount,100203,mount.swift_gray_wolf,203,active,Swift Gray Wolf,迅捷灰狼号角,unrestricted,3.3.5.12340,spell,23252,mount_spell,23252,true,wotlk_native,
mount,100204,mount.swift_green_gryphon,204,active,Swift Green Gryphon,迅捷绿色狮鹫,unrestricted,3.3.5.12340,spell,32290,mount_spell,32290,true,wotlk_native,
mount,100205,mount.swift_green_hawkstrider,205,active,Swift Green Hawkstrider,迅捷绿色陆行鸟,unrestricted,3.3.5.12340,spell,35025,mount_spell,35025,true,wotlk_native,
mount,100206,mount.swift_green_mechanostrider,206,active,Swift Green Mechanostrider,迅捷绿色机械陆行鸟,unrestricted,3.3.5.12340,spell,23225,mount_spell,23225,true,wotlk_native,
mount,100207,mount.swift_green_wind_rider,207,active,Swift Green Wind Rider,迅捷绿色驭风者,unrestricted,3.3.5.12340,spell,32295,mount_spell,32295,true,wotlk_native,
mount,100208,mount.swift_horde_wolf,208,active,Swift Horde Wolf,迅捷部落战狼,unrestricted,3.3.5.12340,spell,68056,mount_spell,68056,true,wotlk_native,
mount,100209,mount.swift_mistsaber,209,active,Swift Mistsaber,迅捷雾刃豹缰绳,unrestricted,3.3.5.12340,spell,23219,mount_spell,23219,true,wotlk_native,
mount,100210,mount.swift_mooncloth_carpet,210,active,Swift Mooncloth Carpet,迅捷月布飞毯,unrestricted,3.3.5.12340,spell,61442,mount_spell,61442,true,wotlk_native,
mount,100211,mount.swift_moonsaber,211,active,Swift Moonsaber,迅捷月刃豹,unrestricted,3.3.5.12340,spell,65638,mount_spell,65638,true,wotlk_native,
mount,100212,mount.swift_nether_drake,212,active,Swift Nether Drake,迅捷虚空幼龙,unrestricted,3.3.5.12340,spell,37015,mount_spell,37015,true,wotlk_native,
mount,100213,mount.swift_olive_raptor,213,active,Swift Olive Raptor,迅捷绿色迅猛龙,unrestricted,3.3.5.12340,spell,23242,mount_spell,23242,true,wotlk_native,
mount,100214,mount.swift_orange_raptor,214,active,Swift Orange Raptor,迅捷橙色迅猛龙,unrestricted,3.3.5.12340,spell,23243,mount_spell,23243,true,wotlk_native,
mount,100215,mount.swift_palomino,215,active,Swift Palomino,迅捷褐色马,unrestricted,3.3.5.12340,spell,23227,mount_spell,23227,true,wotlk_native,
mount,100216,mount.swift_pink_hawkstrider,216,active,Swift Pink Hawkstrider,迅捷粉色陆行鸟,unrestricted,3.3.5.12340,spell,33660,mount_spell,33660,true,wotlk_native,
mount,100217,mount.swift_purple_gryphon,217,active,Swift Purple Gryphon,迅捷紫色狮鹫,unrestricted,3.3.5.12340,spell,32292,mount_spell,32292,true,wotlk_native,
mount,100218,mount.swift_purple_hawkstrider,218,active,Swift Purple Hawkstrider,迅捷紫色陆行鸟,unrestricted,3.3.5.12340,spell,35027,mount_spell,35027,true,wotlk_native,
mount,100219,mount.swift_purple_raptor,219,active,Swift Purple Raptor,迅捷紫色迅猛龙,unrestricted,3.3.5.12340,spell,65644,mount_spell,65644,true,wotlk_native,
mount,100220,mount.swift_purple_wind_rider,220,active,Swift Purple Wind Rider,迅捷紫色驭风者,unrestricted,3.3.5.12340,spell,32297,mount_spell,32297,true,wotlk_native,
mount,100221,mount.swift_razzashi_raptor,221,active,Swift Razzashi Raptor,拉扎什迅猛龙,unrestricted,3.3.5.12340,spell,24242,mount_spell,24242,true,wotlk_native,
mount,100222,mount.swift_red_gryphon,222,active,Swift Red Gryphon,迅捷红色狮鹫,unrestricted,3.3.5.12340,spell,32289,mount_spell,32289,true,wotlk_native,
mount,100223,mount.swift_red_hawkstrider,223,active,Swift Red Hawkstrider,迅捷红色陆行鸟,unrestricted,3.3.5.12340,spell,65639,mount_spell,65639,true,wotlk_native,
mount,100224,mount.swift_red_wind_rider,224,active,Swift Red Wind Rider,迅捷红色驭风者,unrestricted,3.3.5.12340,spell,32246,mount_spell,32246,true,wotlk_native,
mount,100225,mount.swift_spectral_tiger,225,active,Swift Spectral Tiger,迅捷幽灵虎缰绳,unrestricted,3.3.5.12340,spell,42777,mount_spell,42777,true,wotlk_native,
mount,100226,mount.swift_spellfire_carpet,226,active,Swift Spellfire Carpet,迅捷魔焰飞毯,unrestricted,3.3.5.12340,spell,61446,mount_spell,61446,true,wotlk_native,
mount,100227,mount.swift_stormsaber,227,active,Swift Stormsaber,迅捷雷刃豹缰绳,unrestricted,3.3.5.12340,spell,23338,mount_spell,23338,true,wotlk_native,
mount,100228,mount.swift_timber_wolf,228,active,Swift Timber Wolf,迅捷森林狼号角,unrestricted,3.3.5.12340,spell,23251,mount_spell,23251,true,wotlk_native,
mount,100229,mount.swift_violet_ram,229,active,Swift Violet Ram,迅捷紫色战羊,unrestricted,3.3.5.12340,spell,65643,mount_spell,65643,true,wotlk_native,
mount,100230,mount.swift_warstrider,230,active,Swift Warstrider,zzoldSwift Warstrider,unrestricted,3.3.5.12340,spell,35028,mount_spell,35028,true,wotlk_native,
mount,100231,mount.swift_white_hawkstrider,231,active,Swift White Hawkstrider,迅捷白色陆行鸟,unrestricted,3.3.5.12340,spell,46628,mount_spell,46628,true,wotlk_native,
mount,100232,mount.swift_white_mechanostrider,232,active,Swift White Mechanostrider,迅捷白色机械陆行鸟,unrestricted,3.3.5.12340,spell,23223,mount_spell,23223,true,wotlk_native,
mount,100233,mount.swift_white_ram,233,active,Swift White Ram,迅捷白山羊,unrestricted,3.3.5.12340,spell,23240,mount_spell,23240,true,wotlk_native,
mount,100234,mount.swift_white_steed,234,active,Swift White Steed,迅捷白马,unrestricted,3.3.5.12340,spell,23228,mount_spell,23228,true,wotlk_native,
mount,100235,mount.swift_yellow_mechanostrider,235,active,Swift Yellow Mechanostrider,迅捷黄色机械陆行鸟,unrestricted,3.3.5.12340,spell,23222,mount_spell,23222,true,wotlk_native,
mount,100236,mount.swift_yellow_wind_rider,236,active,Swift Yellow Wind Rider,迅捷黄色驭风者,unrestricted,3.3.5.12340,spell,32296,mount_spell,32296,true,wotlk_native,
mount,100237,mount.swift_zhevra,237,active,Swift Zhevra,迅捷斑马,unrestricted,3.3.5.12340,spell,48954,mount_spell,48954,true,wotlk_native,
mount,100238,mount.swift_zhevra.creature_27684,238,active,Swift Zhevra,迅捷斑马,unrestricted,3.3.5.12340,spell,49322,mount_spell,49322,true,wotlk_native,
mount,100239,mount.swift_zulian_tiger,239,active,Swift Zulian Tiger,迅捷祖利安猛虎,unrestricted,3.3.5.12340,spell,24252,mount_spell,24252,true,wotlk_native,
mount,100240,mount.tan_riding_talbuk,240,active,Tan Riding Talbuk,褐色骑乘塔布羊缰绳,unrestricted,3.3.5.12340,spell,39318,mount_spell,39318,true,wotlk_native,
mount,100241,mount.tan_war_talbuk,241,active,Tan War Talbuk,褐色作战塔布羊缰绳,unrestricted,3.3.5.12340,spell,34899,mount_spell,34899,true,wotlk_native,
mount,100242,mount.tawny_sabercat,242,active,Tawny Sabercat,茶色猎豹缰绳,unrestricted,3.3.5.12340,spell,16059,mount_spell,16059,true,wotlk_native,
mount,100243,mount.tawny_wind_rider,243,active,Tawny Wind Rider,茶色驭风者,unrestricted,3.3.5.12340,spell,32243,mount_spell,32243,true,wotlk_native,
mount,100244,mount.teal_kodo,244,active,Teal Kodo,蓝色科多兽,unrestricted,3.3.5.12340,spell,18992,mount_spell,18992,true,wotlk_native,
mount,100245,mount.thunder_bluff_kodo,245,active,Thunder Bluff Kodo,雷霆崖科多兽,unrestricted,3.3.5.12340,spell,63641,mount_spell,63641,true,wotlk_native,
mount,100246,mount.timber_wolf,246,active,Timber Wolf,棕狼号角,unrestricted,3.3.5.12340,spell,580,mount_spell,580,true,wotlk_native,
mount,100247,mount.time_lost_proto_drake,247,active,Time-Lost Proto-Drake,迷失始祖幼龙的缰绳,unrestricted,3.3.5.12340,spell,60002,mount_spell,60002,true,wotlk_native,
mount,100248,mount.traveler_s_tundra_mammoth,248,active,Traveler's Tundra Mammoth,旅行者的苔原猛犸象缰绳,unrestricted,3.3.5.12340,spell,61425,mount_spell,61425,true,wotlk_native,
mount,100249,mount.traveler_s_tundra_mammoth.creature_32640,249,active,Traveler's Tundra Mammoth,旅行者的苔原猛犸象缰绳,unrestricted,3.3.5.12340,spell,61447,mount_spell,61447,true,wotlk_native,
mount,100250,mount.turbo_charged_flying_machine,250,active,Turbo-Charged Flying Machine,涡轮加速飞行器控制台,unrestricted,3.3.5.12340,spell,44151,mount_spell,44151,true,wotlk_native,
mount,100251,mount.turbostrider,251,active,Turbostrider,涡轮机械陆行鸟,unrestricted,3.3.5.12340,spell,65642,mount_spell,65642,true,wotlk_native,
mount,100252,mount.turquoise_raptor,252,active,Turquoise Raptor,青色迅猛龙之哨,unrestricted,3.3.5.12340,spell,10796,mount_spell,10796,true,wotlk_native,
mount,100253,mount.twilight_drake,253,active,Twilight Drake,暮光幼龙的缰绳,unrestricted,3.3.5.12340,spell,59571,mount_spell,59571,true,wotlk_native,
mount,100254,mount.unpainted_mechanostrider,254,active,Unpainted Mechanostrider,未涂色的机械陆行鸟,unrestricted,3.3.5.12340,spell,17454,mount_spell,17454,true,wotlk_native,
mount,100255,mount.vengeful_nether_drake,255,active,Vengeful Nether Drake,复仇角斗士的虚空幼龙,unrestricted,3.3.5.12340,spell,49193,mount_spell,49193,true,wotlk_native,
mount,100256,mount.venomhide_ravasaur,256,active,Venomhide Ravasaur,毒皮暴掠龙哨,unrestricted,3.3.5.12340,spell,64659,mount_spell,64659,true,wotlk_native,
mount,100257,mount.veridian_netherwing_drake,257,active,Veridian Netherwing Drake,绿色灵翼幼龙的缰绳,unrestricted,3.3.5.12340,spell,41517,mount_spell,41517,true,wotlk_native,
mount,100258,mount.violet_netherwing_drake,258,active,Violet Netherwing Drake,红色灵翼幼龙的缰绳,unrestricted,3.3.5.12340,spell,41518,mount_spell,41518,true,wotlk_native,
mount,100259,mount.violet_proto_drake,259,active,Violet Proto-Drake,紫色始祖幼龙的缰绳,unrestricted,3.3.5.12340,spell,60024,mount_spell,60024,true,wotlk_native,
mount,100260,mount.violet_raptor,260,active,Violet Raptor,紫色迅猛龙之哨,unrestricted,3.3.5.12340,spell,10799,mount_spell,10799,true,wotlk_native,
mount,100261,mount.warhorse,261,active,Warhorse,Warhorse,unrestricted,3.3.5.12340,spell,13819,mount_spell,13819,true,wotlk_native,
mount,100262,mount.white_kodo,262,active,White Kodo,白色科多兽,unrestricted,3.3.5.12340,spell,64657,mount_spell,64657,true,wotlk_native,
mount,100263,mount.white_mechanostrider_mod_b,263,active,White Mechanostrider Mod B,白色机械陆行鸟B型,unrestricted,3.3.5.12340,spell,15779,mount_spell,15779,true,wotlk_native,
mount,100264,mount.white_polar_bear,264,active,White Polar Bear,北极熊挽具,unrestricted,3.3.5.12340,spell,54753,mount_spell,54753,true,wotlk_native,
mount,100265,mount.white_ram,265,active,White Ram,白山羊,unrestricted,3.3.5.12340,spell,6898,mount_spell,6898,true,wotlk_native,
mount,100266,mount.white_riding_talbuk,266,active,White Riding Talbuk,白色骑乘塔布羊缰绳,unrestricted,3.3.5.12340,spell,39319,mount_spell,39319,true,wotlk_native,
mount,100267,mount.white_skeletal_warhorse,267,active,White Skeletal Warhorse,白骨战马,unrestricted,3.3.5.12340,spell,65645,mount_spell,65645,true,wotlk_native,
mount,100268,mount.white_stallion,268,active,White Stallion,白马缰绳,unrestricted,3.3.5.12340,spell,16083,mount_spell,16083,true,wotlk_native,
mount,100269,mount.white_war_talbuk,269,active,White War Talbuk,白色作战塔布羊缰绳,unrestricted,3.3.5.12340,spell,34897,mount_spell,34897,true,wotlk_native,
mount,100270,mount.winged_steed_of_the_ebon_blade,270,active,Winged Steed of the Ebon Blade,黑锋骸骨狮鹫,unrestricted,3.3.5.12340,spell,54729,mount_spell,54729,true,wotlk_native,
mount,100271,mount.winter_wolf,271,active,Winter Wolf,冰狼号角,unrestricted,3.3.5.12340,spell,16081,mount_spell,16081,true,wotlk_native,
mount,100272,mount.winterspring_frostsaber,272,active,Winterspring Frostsaber,冬泉霜刃豹缰绳,unrestricted,3.3.5.12340,spell,17229,mount_spell,17229,true,wotlk_native,
mount,100273,mount.wooly_mammoth,273,active,Wooly Mammoth,长毛猛犸象的缰绳,unrestricted,3.3.5.12340,spell,59791,mount_spell,59791,true,wotlk_native,
mount,100274,mount.wooly_mammoth.creature_31852,274,active,Wooly Mammoth,长毛猛犸象的缰绳,unrestricted,3.3.5.12340,spell,59793,mount_spell,59793,true,wotlk_native,
mount,100275,mount.wooly_white_rhino,275,active,Wooly White Rhino,白毛犀牛,unrestricted,3.3.5.12340,spell,74918,mount_spell,74918,true,wotlk_native,
mount,100276,mount.wrathful_gladiator_s_frost_wyrm,276,active,Wrathful Gladiator's Frost Wyrm,暴怒角斗士的冰霜巨龙,unrestricted,3.3.5.12340,spell,71810,mount_spell,71810,true,wotlk_native,
mount,100277,mount.x_51_nether_rocket,277,active,X-51 Nether-Rocket,X-51虚空火箭,unrestricted,3.3.5.12340,spell,46197,mount_spell,46197,true,wotlk_native,
mount,100278,mount.x_51_nether_rocket_x_treme,278,active,X-51 Nether-Rocket X-TREME,X-51虚空火箭特别加强版,unrestricted,3.3.5.12340,spell,46199,mount_spell,46199,true,wotlk_native,
mount,100279,mount.x_53_touring_rocket,279,active,X-53 Touring Rocket,X-53型观光火箭,unrestricted,3.3.5.12340,spell,75973,mount_spell,75973,true,wotlk_native,
mount,100280,mount.yellow_qiraji_battle_tank,280,active,Yellow Qiraji Battle Tank,黄色其拉共鸣水晶,unrestricted,3.3.5.12340,spell,26055,mount_spell,26055,true,wotlk_native,
