candidateKey,itemSetId,active,presentationStatus,expansion,acquisition,raidTier,pvpSeason,displayLabel,difficulty,medianItemLevel,ruleKey,reasonCode
itemset:1,1,true,UNKNOWN,UNKNOWN,UNKNOWN,NONE,NONE,,UNKNOWN,57,unclassified,NO_REVIEWED_ITEMSET_PRESENTATION_RULE
itemset:41,41,true,UNKNOWN,UNKNOWN,UNKNOWN,NONE,NONE,,UNKNOWN,63.0,unclassified,NO_REVIEWED_ITEMSET_PRESENTATION_RULE
itemset:65,65,true,UNKNOWN,UNKNOWN,UNKNOWN,NONE,NONE,,UNKNOWN,60.5,unclassified,NO_REVIEWED_ITEMSET_PRESENTATION_RULE
itemset:81,81,true,UNKNOWN,UNKNOWN,UNKNOWN,NONE,NONE,,UNKNOWN,61,unclassified,NO_REVIEWED_ITEMSET_PRESENTATION_RULE
itemset:121,121,true,UNKNOWN,UNKNOWN,UNKNOWN,NONE,NONE,,UNKNOWN,61,unclassified,NO_REVIEWED_ITEMSET_PRESENTATION_RULE
itemset:122,122,true,UNKNOWN,UNKNOWN,UNKNOWN,NONE,NONE,,UNKNOWN,61,unclassified,NO_REVIEWED_ITEMSET_PRESENTATION_RULE
itemset:123,123,true,UNKNOWN,UNKNOWN,UNKNOWN,NONE,NONE,,UNKNOWN,61,unclassified,NO_REVIEWED_ITEMSET_PRESENTATION_RULE
itemset:124,124,true,UNKNOWN,UNKNOWN,UNKNOWN,NONE,NONE,,UNKNOWN,61,unclassified,NO_REVIEWED_ITEMSET_PRESENTATION_RULE
itemset:141,141,true,UNKNOWN,UNKNOWN,UNKNOWN,NONE,NONE,,UNKNOWN,57,unclassified,NO_REVIEWED_ITEMSET_PRESENTATION_RULE
itemset:142,142,true,UNKNOWN,UNKNOWN,UNKNOWN,NONE,NONE,,UNKNOWN,56.0,unclassified,NO_REVIEWED_ITEMSET_PRESENTATION_RULE
itemset:143,143,true,UNKNOWN,UNKNOWN,UNKNOWN,NONE,NONE,,UNKNOWN,59.0,unclassified,NO_REVIEWED_ITEMSET_PRESENTATION_RULE
itemset:144,144,true,UNKNOWN,UNKNOWN,UNKNOWN,NONE,NONE,,UNKNOWN,56.0,unclassified,NO_REVIEWED_ITEMSET_PRESENTATION_RULE
itemset:161,161,true,UNKNOWN,UNKNOWN,UNKNOWN,NONE,NONE,,UNKNOWN,18,unclassified,NO_REVIEWED_ITEMSET_PRESENTATION_RULE
itemset:162,162,true,UNKNOWN,UNKNOWN,UNKNOWN,NONE,NONE,,UNKNOWN,23,unclassified,NO_REVIEWED_ITEMSET_PRESENTATION_RULE
itemset:163,163,true,UNKNOWN,UNKNOWN,UNKNOWN,NONE,NONE,,UNKNOWN,37.5,unclassified,NO_REVIEWED_ITEMSET_PRESENTATION_RULE
itemset:181,181,true,REVIEWED,CLASSIC,PVE,T0,NONE,T0,DUNGEON,59.5,classic-dungeon-t0-mage,REVIEWED_ITEMSET_CLASSIC_DUNGEON_T0_CLASS_SET
itemset:182,182,true,REVIEWED,CLASSIC,PVE,T0,NONE,T0,DUNGEON,59.5,classic-dungeon-t0-priest,REVIEWED_ITEMSET_CLASSIC_DUNGEON_T0_CLASS_SET
itemset:183,183,true,REVIEWED,CLASSIC,PVE,T0,NONE,T0,DUNGEON,59.5,classic-dungeon-t0-warlock,REVIEWED_ITEMSET_CLASSIC_DUNGEON_T0_CLASS_SET
itemset:184,184,true,REVIEWED,CLASSIC,PVE,T0,NONE,T0,DUNGEON,59.5,classic-dungeon-t0-rogue,REVIEWED_ITEMSET_CLASSIC_DUNGEON_T0_CLASS_SET
itemset:185,185,true,REVIEWED,CLASSIC,PVE,T0,NONE,T0,DUNGEON,59.5,classic-dungeon-t0-druid,REVIEWED_ITEMSET_CLASSIC_DUNGEON_T0_CLASS_SET
itemset:186,186,true,REVIEWED,CLASSIC,PVE,T0,NONE,T0,DUNGEON,59.5,classic-dungeon-t0-hunter,REVIEWED_ITEMSET_CLASSIC_DUNGEON_T0_CLASS_SET
itemset:187,187,true,REVIEWED,CLASSIC,PVE,T0,NONE,T0,DUNGEON,59.5,classic-dungeon-t0-shaman,REVIEWED_ITEMSET_CLASSIC_DUNGEON_T0_CLASS_SET
itemset:188,188,true,REVIEWED,CLASSIC,PVE,T0,NONE,T0,DUNGEON,59.5,classic-dungeon-t0-paladin,REVIEWED_ITEMSET_CLASSIC_DUNGEON_T0_CLASS_SET
itemset:189,189,true,REVIEWED,CLASSIC,PVE,T0,NONE,T0,DUNGEON,59.5,classic-dungeon-t0-warrior,REVIEWED_ITEMSET_CLASSIC_DUNGEON_T0_CLASS_SET
itemset:201,201,true,REVIEWED,CLASSIC,PVE,T1,NONE,T1,RAID,66.0,classic-t1-molten-core,REVIEWED_ITEMSET_RANGE_CLASSIC_T1_MOLTEN_CORE
itemset:202,202,true,REVIEWED,CLASSIC,PVE,T1,NONE,T1,RAID,66.0,classic-t1-molten-core,REVIEWED_ITEMSET_RANGE_CLASSIC_T1_MOLTEN_CORE
itemset:203,203,true,REVIEWED,CLASSIC,PVE,T1,NONE,T1,RAID,66.0,classic-t1-molten-core,REVIEWED_ITEMSET_RANGE_CLASSIC_T1_MOLTEN_CORE
itemset:204,204,true,REVIEWED,CLASSIC,PVE,T1,NONE,T1,RAID,66.0,classic-t1-molten-core,REVIEWED_ITEMSET_RANGE_CLASSIC_T1_MOLTEN_CORE
itemset:205,205,true,REVIEWED,CLASSIC,PVE,T1,NONE,T1,RAID,66.0,classic-t1-molten-core,REVIEWED_ITEMSET_RANGE_CLASSIC_T1_MOLTEN_CORE
itemset:206,206,true,REVIEWED,CLASSIC,PVE,T1,NONE,T1,RAID,66.0,classic-t1-molten-core,REVIEWED_ITEMSET_RANGE_CLASSIC_T1_MOLTEN_CORE
itemset:207,207,true,REVIEWED,CLASSIC,PVE,T1,NONE,T1,RAID,66.0,classic-t1-molten-core,REVIEWED_ITEMSET_RANGE_CLASSIC_T1_MOLTEN_CORE
itemset:208,208,true,REVIEWED,CLASSIC,PVE,T1,NONE,T1,RAID,66.0,classic-t1-molten-core,REVIEWED_ITEMSET_RANGE_CLASSIC_T1_MOLTEN_CORE
itemset:209,209,true,REVIEWED,CLASSIC,PVE,T1,NONE,T1,RAID,66.0,classic-t1-molten-core,REVIEWED_ITEMSET_RANGE_CLASSIC_T1_MOLTEN_CORE
itemset:210,210,true,REVIEWED,CLASSIC,PVE,T2,NONE,T2,RAID,76.0,classic-t2-blackwing-lair,REVIEWED_ITEMSET_RANGE_CLASSIC_T2_BLACKWING_LAIR
itemset:211,211,true,REVIEWED,CLASSIC,PVE,T2,NONE,T2,RAID,76.0,classic-t2-blackwing-lair,REVIEWED_ITEMSET_RANGE_CLASSIC_T2_BLACKWING_LAIR
itemset:212,212,true,REVIEWED,CLASSIC,PVE,T2,NONE,T2,RAID,76.0,classic-t2-blackwing-lair,REVIEWED_ITEMSET_RANGE_CLASSIC_T2_BLACKWING_LAIR
itemset:213,213,true,REVIEWED,CLASSIC,PVE,T2,NONE,T2,RAID,76.0,classic-t2-blackwing-lair,REVIEWED_ITEMSET_RANGE_CLASSIC_T2_BLACKWING_LAIR
itemset:214,214,true,REVIEWED,CLASSIC,PVE,T2,NONE,T2,RAID,76.0,classic-t2-blackwing-lair,REVIEWED_ITEMSET_RANGE_CLASSIC_T2_BLACKWING_LAIR
itemset:215,215,true,REVIEWED,CLASSIC,PVE,T2,NONE,T2,RAID,76.0,classic-t2-blackwing-lair,REVIEWED_ITEMSET_RANGE_CLASSIC_T2_BLACKWING_LAIR
itemset:216,216,true,REVIEWED,CLASSIC,PVE,T2,NONE,T2,RAID,76.0,classic-t2-blackwing-lair,REVIEWED_ITEMSET_RANGE_CLASSIC_T2_BLACKWING_LAIR
itemset:217,217,true,REVIEWED,CLASSIC,PVE,T2,NONE,T2,RAID,76.0,classic-t2-blackwing-lair,REVIEWED_ITEMSET_RANGE_CLASSIC_T2_BLACKWING_LAIR
itemset:218,218,true,REVIEWED,CLASSIC,PVE,T2,NONE,T2,RAID,76.0,classic-t2-blackwing-lair,REVIEWED_ITEMSET_RANGE_CLASSIC_T2_BLACKWING_LAIR
itemset:221,221,true,UNKNOWN,UNKNOWN,UNKNOWN,NONE,NONE,,UNKNOWN,42,unclassified,NO_REVIEWED_ITEMSET_PRESENTATION_RULE
itemset:241,241,false,UNKNOWN,UNKNOWN,UNKNOWN,NONE,NONE,,UNKNOWN,72.5,unclassified,NO_REVIEWED_ITEMSET_PRESENTATION_RULE
itemset:261,261,true,UNKNOWN,UNKNOWN,UNKNOWN,NONE,NONE,,UNKNOWN,66.0,unclassified,NO_REVIEWED_ITEMSET_PRESENTATION_RULE
itemset:281,281,true,REVIEWED,CLASSIC,PVP,NONE,NONE,PvP · 荣誉,DUNGEON,63.0,classic-pvp-honor,REVIEWED_ITEMSET_CLASSIC_PVP_HONOR_NON_ARENA
itemset:282,282,true,REVIEWED,CLASSIC,PVP,NONE,NONE,PvP · 荣誉,DUNGEON,63.0,classic-pvp-honor,REVIEWED_ITEMSET_CLASSIC_PVP_HONOR_NON_ARENA
itemset:301,301,true,REVIEWED,CLASSIC,PVP,NONE,NONE,PvP · 荣誉,DUNGEON,63.0,classic-pvp-honor,REVIEWED_ITEMSET_CLASSIC_PVP_HONOR_NON_ARENA
itemset:321,321,true,UNKNOWN,UNKNOWN,UNKNOWN,NONE,NONE,,UNKNOWN,59,unclassified,NO_REVIEWED_ITEMSET_PRESENTATION_RULE
itemset:341,341,true,REVIEWED,CLASSIC,PVP,NONE,NONE,PvP · 荣誉,DUNGEON,63.0,classic-pvp-honor,REVIEWED_ITEMSET_CLASSIC_PVP_HONOR_NON_ARENA
itemset:342,342,true,REVIEWED,CLASSIC,PVP,NONE,NONE,PvP · 荣誉,DUNGEON,63.0,classic-pvp-honor,REVIEWED_ITEMSET_CLASSIC_PVP_HONOR_NON_ARENA
itemset:343,343,true,REVIEWED,CLASSIC,PVP,NONE,NONE,PvP · 荣誉,DUNGEON,63.0,classic-pvp-honor,REVIEWED_ITEMSET_CLASSIC_PVP_HONOR_NON_ARENA
itemset:344,344,true,REVIEWED,CLASSIC,PVP,NONE,NONE,PvP · 荣誉,DUNGEON,63.0,classic-pvp-honor,REVIEWED_ITEMSET_CLASSIC_PVP_HONOR_NON_ARENA
itemset:345,345,true,REVIEWED,CLASSIC,PVP,NONE,NONE,PvP · 荣誉,DUNGEON,63.0,classic-pvp-honor,REVIEWED_ITEMSET_CLASSIC_PVP_HONOR_NON_ARENA
itemset:346,346,true,REVIEWED,CLASSIC,PVP,NONE,NONE,PvP · 荣誉,DUNGEON,63.0,classic-pvp-honor,REVIEWED_ITEMSET_CLASSIC_PVP_HONOR_NON_ARENA
itemset:347,347,true,REVIEWED,CLASSIC,PVP,NONE,NONE,PvP · 荣誉,DUNGEON,63.0,classic-pvp-honor,REVIEWED_ITEMSET_CLASSIC_PVP_HONOR_NON_ARENA
itemset:348,348,true,REVIEWED,CLASSIC,PVP,NONE,NONE,PvP · 荣誉,DUNGEON,63.0,classic-pvp-honor,REVIEWED_ITEMSET_CLASSIC_PVP_HONOR_NON_ARENA
itemset:361,361,true,REVIEWED,CLASSIC,PVP,NONE,NONE,PvP · 荣誉,DUNGEON,63.0,classic-pvp-honor,REVIEWED_ITEMSET_CLASSIC_PVP_HONOR_NON_ARENA
itemset:362,362,true,REVIEWED,CLASSIC,PVP,NONE,NONE,PvP · 荣誉,DUNGEON,63.0,classic-pvp-honor,REVIEWED_ITEMSET_CLASSIC_PVP_HONOR_NON_ARENA
itemset:381,381,true,REVIEWED,CLASSIC,PVP,NONE,NONE,PvP · 荣誉,DUNGEON,63.0,classic-pvp-honor,REVIEWED_ITEMSET_CLASSIC_PVP_HONOR_NON_ARENA
itemset:382,382,true,REVIEWED,CLASSIC,PVP,NONE,NONE,PvP · 荣誉,DUNGEON,63.0,classic-pvp-honor,REVIEWED_ITEMSET_CLASSIC_PVP_HONOR_NON_ARENA
itemset:383,383,true,REVIEWED,CLASSIC,PVP,NONE,NONE,PvP · 荣誉,DUNGEON,72.5,classic-pvp-honor,REVIEWED_ITEMSET_CLASSIC_PVP_HONOR_NON_ARENA
itemset:384,384,true,REVIEWED,CLASSIC,PVP,NONE,NONE,PvP · 荣誉,DUNGEON,72.5,classic-pvp-honor,REVIEWED_ITEMSET_CLASSIC_PVP_HONOR_NON_ARENA
itemset:386,386,true,REVIEWED,CLASSIC,PVP,NONE,NONE,PvP · 荣誉,DUNGEON,72.5,classic-pvp-honor,REVIEWED_ITEMSET_CLASSIC_PVP_HONOR_NON_ARENA
itemset:387,387,true,REVIEWED,CLASSIC,PVP,NONE,NONE,PvP · 荣誉,DUNGEON,72.5,classic-pvp-honor,REVIEWED_ITEMSET_CLASSIC_PVP_HONOR_NON_ARENA
itemset:388,388,true,REVIEWED,CLASSIC,PVP,NONE,NONE,PvP · 荣誉,DUNGEON,72.5,classic-pvp-honor,REVIEWED_ITEMSET_CLASSIC_PVP_HONOR_NON_ARENA
itemset:389,389,true,REVIEWED,CLASSIC,PVP,NONE,NONE,PvP · 荣誉,DUNGEON,72.5,classic-pvp-honor,REVIEWED_ITEMSET_CLASSIC_PVP_HONOR_NON_ARENA
itemset:390,390,true,REVIEWED,CLASSIC,PVP,NONE,NONE,PvP · 荣誉,DUNGEON,72.5,classic-pvp-honor,REVIEWED_ITEMSET_CLASSIC_PVP_HONOR_NON_ARENA
itemset:391,391,true,REVIEWED,CLASSIC,PVP,NONE,NONE,PvP · 荣誉,DUNGEON,72.5,classic-pvp-honor,REVIEWED_ITEMSET_CLASSIC_PVP_HONOR_NON_ARENA
itemset:392,392,true,REVIEWED,CLASSIC,PVP,NONE,NONE,PvP · 荣誉,DUNGEON,72.5,classic-pvp-honor,REVIEWED_ITEMSET_CLASSIC_PVP_HONOR_NON_ARENA
itemset:393,393,true,REVIEWED,CLASSIC,PVP,NONE,NONE,PvP · 荣誉,DUNGEON,72.5,classic-pvp-honor,REVIEWED_ITEMSET_CLASSIC_PVP_HONOR_NON_ARENA
itemset:394,394,true,REVIEWED,CLASSIC,PVP,NONE,NONE,PvP · 荣誉,DUNGEON,72.5,classic-pvp-honor,REVIEWED_ITEMSET_CLASSIC_PVP_HONOR_NON_ARENA
itemset:395,395,true,REVIEWED,CLASSIC,PVP,NONE,NONE,PvP · 荣誉,DUNGEON,72.5,classic-pvp-honor,REVIEWED_ITEMSET_CLASSIC_PVP_HONOR_NON_ARENA
itemset:396,396,true,REVIEWED,CLASSIC,PVP,NONE,NONE,PvP · 荣誉,DUNGEON,72.5,classic-pvp-honor,REVIEWED_ITEMSET_CLASSIC_PVP_HONOR_NON_ARENA
itemset:397,397,true,REVIEWED,CLASSIC,PVP,NONE,NONE,PvP · 荣誉,DUNGEON,72.5,classic-pvp-honor,REVIEWED_ITEMSET_CLASSIC_PVP_HONOR_NON_ARENA
itemset:398,398,true,REVIEWED,CLASSIC,PVP,NONE,NONE,PvP · 荣誉,DUNGEON,72.5,classic-pvp-honor,REVIEWED_ITEMSET_CLASSIC_PVP_HONOR_NON_ARENA
itemset:401,401,true,REVIEWED,CLASSIC,PVP,NONE,NONE,PvP · 荣誉,DUNGEON,63.0,classic-pvp-honor,REVIEWED_ITEMSET_CLASSIC_PVP_HONOR_NON_ARENA
itemset:402,402,true,REVIEWED,CLASSIC,PVP,NONE,NONE,PvP · 荣誉,DUNGEON,72.5,classic-pvp-honor,REVIEWED_ITEMSET_CLASSIC_PVP_HONOR_NON_ARENA
itemset:421,421,true,UNKNOWN,UNKNOWN,UNKNOWN,NONE,NONE,,UNKNOWN,65,unclassified,NO_REVIEWED_ITEMSET_PRESENTATION_RULE
itemset:441,441,true,UNKNOWN,UNKNOWN,UNKNOWN,NONE,NONE,,UNKNOWN,65,unclassified,NO_REVIEWED_ITEMSET_PRESENTATION_RULE
itemset:442,442,true,UNKNOWN,UNKNOWN,UNKNOWN,NONE,NONE,,UNKNOWN,65.0,unclassified,NO_REVIEWED_ITEMSET_PRESENTATION_RULE
itemset:443,443,true,UNKNOWN,UNKNOWN,UNKNOWN,NONE,NONE,,UNKNOWN,65,unclassified,NO_REVIEWED_ITEMSET_PRESENTATION_RULE
itemset:444,444,true,UNKNOWN,UNKNOWN,UNKNOWN,NONE,NONE,,UNKNOWN,65,unclassified,NO_REVIEWED_ITEMSET_PRESENTATION_RULE
itemset:461,461,true,UNKNOWN,UNKNOWN,UNKNOWN,NONE,NONE,,UNKNOWN,67.0,unclassified,NO_REVIEWED_ITEMSET_PRESENTATION_RULE
itemset:462,462,false,UNKNOWN,UNKNOWN,UNKNOWN,NONE,NONE,,UNKNOWN,69.5,unclassified,NO_REVIEWED_ITEMSET_PRESENTATION_RULE
itemset:463,463,true,UNKNOWN,UNKNOWN,UNKNOWN,NONE,NONE,,UNKNOWN,65.0,unclassified,NO_REVIEWED_ITEMSET_PRESENTATION_RULE
itemset:464,464,false,UNKNOWN,UNKNOWN,UNKNOWN,NONE,NONE,,UNKNOWN,69.5,unclassified,NO_REVIEWED_ITEMSET_PRESENTATION_RULE
itemset:465,465,false,UNKNOWN,UNKNOWN,UNKNOWN,NONE,NONE,,UNKNOWN,69.5,unclassified,NO_REVIEWED_ITEMSET_PRESENTATION_RULE
itemset:466,466,false,UNKNOWN,UNKNOWN,UNKNOWN,NONE,NONE,,UNKNOWN,68.0,unclassified,NO_REVIEWED_ITEMSET_PRESENTATION_RULE
itemset:467,467,true,UNKNOWN,UNKNOWN,UNKNOWN,NONE,NONE,,UNKNOWN,63,unclassified,NO_REVIEWED_ITEMSET_PRESENTATION_RULE
itemset:468,468,true,UNKNOWN,UNKNOWN,UNKNOWN,NONE,NONE,,UNKNOWN,63,unclassified,NO_REVIEWED_ITEMSET_PRESENTATION_RULE
itemset:469,469,true,UNKNOWN,UNKNOWN,UNKNOWN,NONE,NONE,,UNKNOWN,63,unclassified,NO_REVIEWED_ITEMSET_PRESENTATION_RULE
itemset:470,470,true,UNKNOWN,UNKNOWN,UNKNOWN,NONE,NONE,,UNKNOWN,63,unclassified,NO_REVIEWED_ITEMSET_PRESENTATION_RULE
itemset:471,471,true,UNKNOWN,UNKNOWN,UNKNOWN,NONE,NONE,,UNKNOWN,63,unclassified,NO_REVIEWED_ITEMSET_PRESENTATION_RULE
itemset:472,472,true,UNKNOWN,UNKNOWN,UNKNOWN,NONE,NONE,,UNKNOWN,63,unclassified,NO_REVIEWED_ITEMSET_PRESENTATION_RULE
itemset:473,473,true,UNKNOWN,UNKNOWN,UNKNOWN,NONE,NONE,,UNKNOWN,63,unclassified,NO_REVIEWED_ITEMSET_PRESENTATION_RULE
itemset:474,474,true,UNKNOWN,UNKNOWN,UNKNOWN,NONE,NONE,,UNKNOWN,65,unclassified,NO_REVIEWED_ITEMSET_PRESENTATION_RULE
itemset:475,475,true,UNKNOWN,UNKNOWN,UNKNOWN,NONE,NONE,,UNKNOWN,65,unclassified,NO_REVIEWED_ITEMSET_PRESENTATION_RULE
itemset:476,476,true,UNKNOWN,UNKNOWN,UNKNOWN,NONE,NONE,,UNKNOWN,65,unclassified,NO_REVIEWED_ITEMSET_PRESENTATION_RULE
itemset:477,477,true,UNKNOWN,UNKNOWN,UNKNOWN,NONE,NONE,,UNKNOWN,65,unclassified,NO_REVIEWED_ITEMSET_PRESENTATION_RULE
itemset:478,478,true,UNKNOWN,UNKNOWN,UNKNOWN,NONE,NONE,,UNKNOWN,65,unclassified,NO_REVIEWED_ITEMSET_PRESENTATION_RULE
itemset:479,479,true,UNKNOWN,UNKNOWN,UNKNOWN,NONE,NONE,,UNKNOWN,65,unclassified,NO_REVIEWED_ITEMSET_PRESENTATION_RULE
itemset:480,480,true,UNKNOWN,UNKNOWN,UNKNOWN,NONE,NONE,,UNKNOWN,65,unclassified,NO_REVIEWED_ITEMSET_PRESENTATION_RULE
itemset:481,481,true,UNKNOWN,UNKNOWN,UNKNOWN,NONE,NONE,,UNKNOWN,65,unclassified,NO_REVIEWED_ITEMSET_PRESENTATION_RULE
itemset:482,482,true,UNKNOWN,UNKNOWN,UNKNOWN,NONE,NONE,,UNKNOWN,65,unclassified,NO_REVIEWED_ITEMSET_PRESENTATION_RULE
itemset:483,483,true,UNKNOWN,UNKNOWN,UNKNOWN,NONE,NONE,,UNKNOWN,63,unclassified,NO_REVIEWED_ITEMSET_PRESENTATION_RULE
itemset:484,484,true,UNKNOWN,UNKNOWN,UNKNOWN,NONE,NONE,,UNKNOWN,63,unclassified,NO_REVIEWED_ITEMSET_PRESENTATION_RULE
itemset:485,485,true,UNKNOWN,UNKNOWN,UNKNOWN,NONE,NONE,,UNKNOWN,63,unclassified,NO_REVIEWED_ITEMSET_PRESENTATION_RULE
itemset:486,486,true,UNKNOWN,UNKNOWN,UNKNOWN,NONE,NONE,,UNKNOWN,63,unclassified,NO_REVIEWED_ITEMSET_PRESENTATION_RULE
itemset:487,487,true,UNKNOWN,UNKNOWN,UNKNOWN,NONE,NONE,,UNKNOWN,63,unclassified,NO_REVIEWED_ITEMSET_PRESENTATION_RULE
itemset:488,488,true,UNKNOWN,UNKNOWN,UNKNOWN,NONE,NONE,,UNKNOWN,63,unclassified,NO_REVIEWED_ITEMSET_PRESENTATION_RULE
itemset:489,489,true,UNKNOWN,UNKNOWN,UNKNOWN,NONE,NONE,,UNKNOWN,60.0,unclassified,NO_REVIEWED_ITEMSET_PRESENTATION_RULE
itemset:490,490,true,UNKNOWN,UNKNOWN,UNKNOWN,NONE,NONE,,UNKNOWN,54,unclassified,NO_REVIEWED_ITEMSET_PRESENTATION_RULE
itemset:491,491,true,UNKNOWN,UNKNOWN,UNKNOWN,NONE,NONE,,UNKNOWN,59,unclassified,NO_REVIEWED_ITEMSET_PRESENTATION_RULE
itemset:492,492,true,UNKNOWN,UNKNOWN,UNKNOWN,NONE,NONE,,UNKNOWN,60,unclassified,NO_REVIEWED_ITEMSET_PRESENTATION_RULE
itemset:493,493,true,REVIEWED,CLASSIC,PVE,T2.5,NONE,T2.5,RAID,81,classic-aq40-t2-5,REVIEWED_ITEMSET_CLASSIC_T25_AQ40_CLASS_SET
itemset:494,494,true,UNKNOWN,UNKNOWN,UNKNOWN,NONE,NONE,,UNKNOWN,67,unclassified,NO_REVIEWED_ITEMSET_PRESENTATION_RULE
itemset:495,495,true,UNKNOWN,UNKNOWN,UNKNOWN,NONE,NONE,,UNKNOWN,67,unclassified,NO_REVIEWED_ITEMSET_PRESENTATION_RULE
itemset:496,496,true,REVIEWED,CLASSIC,PVE,T2.5,NONE,T2.5,RAID,81,classic-aq40-t2-5,REVIEWED_ITEMSET_CLASSIC_T25_AQ40_CLASS_SET
itemset:497,497,true,REVIEWED,CLASSIC,PVE,T2.5,NONE,T2.5,RAID,81,classic-aq40-t2-5,REVIEWED_ITEMSET_CLASSIC_T25_AQ40_CLASS_SET
itemset:498,498,true,UNKNOWN,UNKNOWN,UNKNOWN,NONE,NONE,,UNKNOWN,67,unclassified,NO_REVIEWED_ITEMSET_PRESENTATION_RULE
itemset:499,499,true,REVIEWED,CLASSIC,PVE,T2.5,NONE,T2.5,RAID,81,classic-aq40-t2-5,REVIEWED_ITEMSET_CLASSIC_T25_AQ40_CLASS_SET
itemset:500,500,true,UNKNOWN,UNKNOWN,UNKNOWN,NONE,NONE,,UNKNOWN,67,unclassified,NO_REVIEWED_ITEMSET_PRESENTATION_RULE
itemset:501,501,true,REVIEWED,CLASSIC,PVE,T2.5,NONE,T2.5,RAID,81,classic-aq40-t2-5,REVIEWED_ITEMSET_CLASSIC_T25_AQ40_CLASS_SET
itemset:502,502,true,UNKNOWN,UNKNOWN,UNKNOWN,NONE,NONE,,UNKNOWN,67,unclassified,NO_REVIEWED_ITEMSET_PRESENTATION_RULE
itemset:503,503,true,REVIEWED,CLASSIC,PVE,T2.5,NONE,T2.5,RAID,81,classic-aq40-t2-5,REVIEWED_ITEMSET_CLASSIC_T25_AQ40_CLASS_SET
itemset:504,504,true,UNKNOWN,UNKNOWN,UNKNOWN,NONE,NONE,,UNKNOWN,67,unclassified,NO_REVIEWED_ITEMSET_PRESENTATION_RULE
itemset:505,505,true,REVIEWED,CLASSIC,PVE,T2.5,NONE,T2.5,RAID,81,classic-aq40-t2-5,REVIEWED_ITEMSET_CLASSIC_T25_AQ40_CLASS_SET
itemset:506,506,true,UNKNOWN,UNKNOWN,UNKNOWN,NONE,NONE,,UNKNOWN,67,unclassified,NO_REVIEWED_ITEMSET_PRESENTATION_RULE
itemset:507,507,true,REVIEWED,CLASSIC,PVE,T2.5,NONE,T2.5,RAID,81,classic-aq40-t2-5,REVIEWED_ITEMSET_CLASSIC_T25_AQ40_CLASS_SET
itemset:508,508,true,UNKNOWN,UNKNOWN,UNKNOWN,NONE,NONE,,UNKNOWN,67,unclassified,NO_REVIEWED_ITEMSET_PRESENTATION_RULE
itemset:509,509,true,REVIEWED,CLASSIC,PVE,T2.5,NONE,T2.5,RAID,81,classic-aq40-t2-5,REVIEWED_ITEMSET_CLASSIC_T25_AQ40_CLASS_SET
itemset:510,510,true,UNKNOWN,UNKNOWN,UNKNOWN,NONE,NONE,,UNKNOWN,67,unclassified,NO_REVIEWED_ITEMSET_PRESENTATION_RULE
itemset:511,511,true,REVIEWED,CLASSIC,PVE,T0.5,NONE,T0.5,DUNGEON,62.5,classic-dungeon-t0-5-warrior,REVIEWED_ITEMSET_CLASSIC_DUNGEON_T05_CLASS_SET
itemset:512,512,true,REVIEWED,CLASSIC,PVE,T0.5,NONE,T0.5,DUNGEON,62.5,classic-dungeon-t0-5-rogue,REVIEWED_ITEMSET_CLASSIC_DUNGEON_T05_CLASS_SET
itemset:513,513,true,REVIEWED,CLASSIC,PVE,T0.5,NONE,T0.5,DUNGEON,62.5,classic-dungeon-t0-5-druid,REVIEWED_ITEMSET_CLASSIC_DUNGEON_T05_CLASS_SET
itemset:514,514,true,REVIEWED,CLASSIC,PVE,T0.5,NONE,T0.5,DUNGEON,62.5,classic-dungeon-t0-5-priest,REVIEWED_ITEMSET_CLASSIC_DUNGEON_T05_CLASS_SET
itemset:515,515,true,REVIEWED,CLASSIC,PVE,T0.5,NONE,T0.5,DUNGEON,62.5,classic-dungeon-t0-5-hunter,REVIEWED_ITEMSET_CLASSIC_DUNGEON_T05_CLASS_SET
itemset:516,516,true,REVIEWED,CLASSIC,PVE,T0.5,NONE,T0.5,DUNGEON,62.5,classic-dungeon-t0-5-paladin,REVIEWED_ITEMSET_CLASSIC_DUNGEON_T05_CLASS_SET
itemset:517,517,true,REVIEWED,CLASSIC,PVE,T0.5,NONE,T0.5,DUNGEON,62.5,classic-dungeon-t0-5-mage,REVIEWED_ITEMSET_CLASSIC_DUNGEON_T05_CLASS_SET
itemset:518,518,true,REVIEWED,CLASSIC,PVE,T0.5,NONE,T0.5,DUNGEON,62.5,classic-dungeon-t0-5-warlock,REVIEWED_ITEMSET_CLASSIC_DUNGEON_T05_CLASS_SET
itemset:519,519,true,REVIEWED,CLASSIC,PVE,T0.5,NONE,T0.5,DUNGEON,62.5,classic-dungeon-t0-5-shaman,REVIEWED_ITEMSET_CLASSIC_DUNGEON_T05_CLASS_SET
itemset:520,520,true,UNKNOWN,UNKNOWN,UNKNOWN,NONE,NONE,,UNKNOWN,61.0,unclassified,NO_REVIEWED_ITEMSET_PRESENTATION_RULE
itemset:521,521,true,REVIEWED,CLASSIC,PVE,T3,NONE,T3,RAID,88,classic-t3-druid,REVIEWED_ITEMSET_CLASSIC_T3_NAXX_CLASS_SET
itemset:522,522,true,UNKNOWN,UNKNOWN,UNKNOWN,NONE,NONE,,UNKNOWN,68.0,unclassified,NO_REVIEWED_ITEMSET_PRESENTATION_RULE
itemset:523,523,true,REVIEWED,CLASSIC,PVE,T3,NONE,T3,RAID,88,classic-t3-warrior,REVIEWED_ITEMSET_CLASSIC_T3_NAXX_CLASS_SET
itemset:524,524,true,REVIEWED,CLASSIC,PVE,T3,NONE,T3,RAID,88,classic-t3-rogue,REVIEWED_ITEMSET_CLASSIC_T3_NAXX_CLASS_SET
itemset:525,525,true,REVIEWED,CLASSIC,PVE,T3,NONE,T3,RAID,88,classic-t3-priest,REVIEWED_ITEMSET_CLASSIC_T3_NAXX_CLASS_SET
itemset:526,526,true,REVIEWED,CLASSIC,PVE,T3,NONE,T3,RAID,88,classic-t3-mage,REVIEWED_ITEMSET_CLASSIC_T3_NAXX_CLASS_SET
itemset:527,527,true,REVIEWED,CLASSIC,PVE,T3,NONE,T3,RAID,88,classic-t3-shaman,REVIEWED_ITEMSET_CLASSIC_T3_NAXX_CLASS_SET
itemset:528,528,true,REVIEWED,CLASSIC,PVE,T3,NONE,T3,RAID,88,classic-t3-paladin,REVIEWED_ITEMSET_CLASSIC_T3_NAXX_CLASS_SET
itemset:529,529,true,REVIEWED,CLASSIC,PVE,T3,NONE,T3,RAID,88,classic-t3-warlock,REVIEWED_ITEMSET_CLASSIC_T3_NAXX_CLASS_SET
itemset:530,530,true,REVIEWED,CLASSIC,PVE,T3,NONE,T3,RAID,88,classic-t3-hunter,REVIEWED_ITEMSET_CLASSIC_T3_NAXX_CLASS_SET
itemset:533,533,true,UNKNOWN,UNKNOWN,UNKNOWN,NONE,NONE,,UNKNOWN,63,unclassified,NO_REVIEWED_ITEMSET_PRESENTATION_RULE
itemset:534,534,true,UNKNOWN,UNKNOWN,UNKNOWN,NONE,NONE,,UNKNOWN,63,unclassified,NO_REVIEWED_ITEMSET_PRESENTATION_RULE
itemset:535,535,true,UNKNOWN,UNKNOWN,UNKNOWN,NONE,NONE,,UNKNOWN,63,unclassified,NO_REVIEWED_ITEMSET_PRESENTATION_RULE
itemset:536,536,true,UNKNOWN,UNKNOWN,UNKNOWN,NONE,NONE,,UNKNOWN,63,unclassified,NO_REVIEWED_ITEMSET_PRESENTATION_RULE
itemset:537,537,true,REVIEWED,CLASSIC,PVP,NONE,NONE,PvP · 荣誉,DUNGEON,68.0,classic-pvp-honor,REVIEWED_ITEMSET_CLASSIC_PVP_HONOR_NON_ARENA
itemset:538,538,true,REVIEWED,CLASSIC,PVP,NONE,NONE,PvP · 荣誉,DUNGEON,68.0,classic-pvp-honor,REVIEWED_ITEMSET_CLASSIC_PVP_HONOR_NON_ARENA
itemset:539,539,true,REVIEWED,CLASSIC,PVP,NONE,NONE,PvP · 荣誉,DUNGEON,68.0,classic-pvp-honor,REVIEWED_ITEMSET_CLASSIC_PVP_HONOR_NON_ARENA
itemset:540,540,true,REVIEWED,CLASSIC,PVP,NONE,NONE,PvP · 荣誉,DUNGEON,68.0,classic-pvp-honor,REVIEWED_ITEMSET_CLASSIC_PVP_HONOR_NON_ARENA
itemset:541,541,true,REVIEWED,CLASSIC,PVP,NONE,NONE,PvP · 荣誉,DUNGEON,68.0,classic-pvp-honor,REVIEWED_ITEMSET_CLASSIC_PVP_HONOR_NON_ARENA
itemset:542,542,true,REVIEWED,CLASSIC,PVP,NONE,NONE,PvP · 荣誉,DUNGEON,68.0,classic-pvp-honor,REVIEWED_ITEMSET_CLASSIC_PVP_HONOR_NON_ARENA
itemset:543,543,true,REVIEWED,CLASSIC,PVP,NONE,NONE,PvP · 荣誉,DUNGEON,68.0,classic-pvp-honor,REVIEWED_ITEMSET_CLASSIC_PVP_HONOR_NON_ARENA
itemset:544,544,true,REVIEWED,CLASSIC,PVP,NONE,NONE,PvP · 荣誉,DUNGEON,68.0,classic-pvp-honor,REVIEWED_ITEMSET_CLASSIC_PVP_HONOR_NON_ARENA
itemset:545,545,true,REVIEWED,CLASSIC,PVP,NONE,NONE,PvP · 荣誉,DUNGEON,68.0,classic-pvp-honor,REVIEWED_ITEMSET_CLASSIC_PVP_HONOR_NON_ARENA
itemset:546,546,true,REVIEWED,CLASSIC,PVP,NONE,NONE,PvP · 荣誉,DUNGEON,68.0,classic-pvp-honor,REVIEWED_ITEMSET_CLASSIC_PVP_HONOR_NON_ARENA
itemset:547,547,true,REVIEWED,CLASSIC,PVP,NONE,NONE,PvP · 荣誉,DUNGEON,68.0,classic-pvp-honor,REVIEWED_ITEMSET_CLASSIC_PVP_HONOR_NON_ARENA
itemset:548,548,true,REVIEWED,CLASSIC,PVP,NONE,NONE,PvP · 荣誉,DUNGEON,68.0,classic-pvp-honor,REVIEWED_ITEMSET_CLASSIC_PVP_HONOR_NON_ARENA
itemset:549,549,true,REVIEWED,CLASSIC,PVP,NONE,NONE,PvP · 荣誉,DUNGEON,68.0,classic-pvp-honor,REVIEWED_ITEMSET_CLASSIC_PVP_HONOR_NON_ARENA
itemset:550,550,true,REVIEWED,CLASSIC,PVP,NONE,NONE,PvP · 荣誉,DUNGEON,68.0,classic-pvp-honor,REVIEWED_ITEMSET_CLASSIC_PVP_HONOR_NON_ARENA
itemset:551,551,true,REVIEWED,CLASSIC,PVP,NONE,NONE,PvP · 荣誉,DUNGEON,68.0,classic-pvp-honor,REVIEWED_ITEMSET_CLASSIC_PVP_HONOR_NON_ARENA
itemset:552,552,true,UNKNOWN,UNKNOWN,UNKNOWN,NONE,NONE,,UNKNOWN,105,unclassified,NO_REVIEWED_ITEMSET_PRESENTATION_RULE
itemset:553,553,true,UNKNOWN,UNKNOWN,UNKNOWN,NONE,NONE,,UNKNOWN,105,unclassified,NO_REVIEWED_ITEMSET_PRESENTATION_RULE
itemset:554,554,true,UNKNOWN,UNKNOWN,UNKNOWN,NONE,NONE,,UNKNOWN,115,unclassified,NO_REVIEWED_ITEMSET_PRESENTATION_RULE
itemset:555,555,true,UNKNOWN,UNKNOWN,UNKNOWN,NONE,NONE,,UNKNOWN,102,unclassified,NO_REVIEWED_ITEMSET_PRESENTATION_RULE
itemset:556,556,true,UNKNOWN,UNKNOWN,UNKNOWN,NONE,NONE,,UNKNOWN,111.5,unclassified,NO_REVIEWED_ITEMSET_PRESENTATION_RULE
itemset:557,557,true,UNKNOWN,UNKNOWN,UNKNOWN,NONE,NONE,,UNKNOWN,100,unclassified,NO_REVIEWED_ITEMSET_PRESENTATION_RULE
itemset:558,558,true,UNKNOWN,UNKNOWN,UNKNOWN,NONE,NONE,,UNKNOWN,114,unclassified,NO_REVIEWED_ITEMSET_PRESENTATION_RULE
itemset:559,559,true,UNKNOWN,UNKNOWN,UNKNOWN,NONE,NONE,,UNKNOWN,105.0,unclassified,NO_REVIEWED_ITEMSET_PRESENTATION_RULE
itemset:560,560,true,UNKNOWN,UNKNOWN,UNKNOWN,NONE,NONE,,UNKNOWN,96,unclassified,NO_REVIEWED_ITEMSET_PRESENTATION_RULE
itemset:561,561,true,UNKNOWN,UNKNOWN,UNKNOWN,NONE,NONE,,UNKNOWN,94.5,unclassified,NO_REVIEWED_ITEMSET_PRESENTATION_RULE
itemset:562,562,true,UNKNOWN,UNKNOWN,UNKNOWN,NONE,NONE,,UNKNOWN,103,unclassified,NO_REVIEWED_ITEMSET_PRESENTATION_RULE
itemset:563,563,true,UNKNOWN,UNKNOWN,UNKNOWN,NONE,NONE,,UNKNOWN,113.5,unclassified,NO_REVIEWED_ITEMSET_PRESENTATION_RULE
itemset:564,564,true,UNKNOWN,UNKNOWN,UNKNOWN,NONE,NONE,,UNKNOWN,113.5,unclassified,NO_REVIEWED_ITEMSET_PRESENTATION_RULE
itemset:565,565,true,UNKNOWN,UNKNOWN,UNKNOWN,NONE,NONE,,UNKNOWN,114,unclassified,NO_REVIEWED_ITEMSET_PRESENTATION_RULE
itemset:566,566,true,UNKNOWN,UNKNOWN,UNKNOWN,NONE,NONE,,UNKNOWN,115.0,unclassified,NO_REVIEWED_ITEMSET_PRESENTATION_RULE
itemset:567,567,true,REVIEWED,TBC,PVP,NONE,S1,S1 · 角斗士,RAID,123,tbc-pvp-s1-arena,REVIEWED_ITEMSET_TBC_ARENA_SEASON_1_GLADIATOR
itemset:568,568,true,REVIEWED,TBC,PVP,NONE,S1,S1 · 角斗士,RAID,123,tbc-pvp-s1-arena,REVIEWED_ITEMSET_TBC_ARENA_SEASON_1_GLADIATOR
itemset:569,569,true,UNKNOWN,UNKNOWN,UNKNOWN,NONE,NONE,,UNKNOWN,114,unclassified,NO_REVIEWED_ITEMSET_PRESENTATION_RULE
itemset:570,570,true,UNKNOWN,UNKNOWN,UNKNOWN,NONE,NONE,,UNKNOWN,108.5,unclassified,NO_REVIEWED_ITEMSET_PRESENTATION_RULE
itemset:571,571,true,UNKNOWN,UNKNOWN,UNKNOWN,NONE,NONE,,UNKNOWN,105.0,unclassified,NO_REVIEWED_ITEMSET_PRESENTATION_RULE
itemset:572,572,true,UNKNOWN,UNKNOWN,UNKNOWN,NONE,NONE,,UNKNOWN,105.0,unclassified,NO_REVIEWED_ITEMSET_PRESENTATION_RULE
itemset:573,573,true,UNKNOWN,UNKNOWN,UNKNOWN,NONE,NONE,,UNKNOWN,112,unclassified,NO_REVIEWED_ITEMSET_PRESENTATION_RULE
itemset:574,574,true,UNKNOWN,UNKNOWN,UNKNOWN,NONE,NONE,,UNKNOWN,113,unclassified,NO_REVIEWED_ITEMSET_PRESENTATION_RULE
itemset:575,575,true,UNKNOWN,UNKNOWN,UNKNOWN,NONE,NONE,,UNKNOWN,114,unclassified,NO_REVIEWED_ITEMSET_PRESENTATION_RULE
itemset:576,576,true,UNKNOWN,UNKNOWN,UNKNOWN,NONE,NONE,,UNKNOWN,106,unclassified,NO_REVIEWED_ITEMSET_PRESENTATION_RULE
itemset:577,577,true,REVIEWED,TBC,PVP,NONE,S1,S1 · 角斗士,RAID,123,tbc-pvp-s1-arena,REVIEWED_ITEMSET_TBC_ARENA_SEASON_1_GLADIATOR
itemset:578,578,true,REVIEWED,TBC,PVP,NONE,S1,S1 · 角斗士,RAID,123,tbc-pvp-s1-arena,REVIEWED_ITEMSET_TBC_ARENA_SEASON_1_GLADIATOR
itemset:579,579,true,REVIEWED,TBC,PVP,NONE,S1,S1 · 角斗士,RAID,123,tbc-pvp-s1-arena,REVIEWED_ITEMSET_TBC_ARENA_SEASON_1_GLADIATOR
itemset:580,580,true,REVIEWED,TBC,PVP,NONE,S1,S1 · 角斗士,RAID,123,tbc-pvp-s1-arena,REVIEWED_ITEMSET_TBC_ARENA_SEASON_1_GLADIATOR
itemset:581,581,true,REVIEWED,TBC,PVP,NONE,S1,S1 · 角斗士,RAID,123,tbc-pvp-s1-arena,REVIEWED_ITEMSET_TBC_ARENA_SEASON_1_GLADIATOR
itemset:582,582,true,REVIEWED,TBC,PVP,NONE,S1,S1 · 角斗士,RAID,123,tbc-pvp-s1-arena,REVIEWED_ITEMSET_TBC_ARENA_SEASON_1_GLADIATOR
itemset:583,583,true,REVIEWED,TBC,PVP,NONE,S1,S1 · 角斗士,RAID,123,tbc-pvp-s1-arena,REVIEWED_ITEMSET_TBC_ARENA_SEASON_1_GLADIATOR
itemset:584,584,true,REVIEWED,TBC,PVP,NONE,S1,S1 · 角斗士,RAID,123,tbc-pvp-s1-arena,REVIEWED_ITEMSET_TBC_ARENA_SEASON_1_GLADIATOR
itemset:585,585,true,REVIEWED,TBC,PVP,NONE,S1,S1 · 角斗士,RAID,123,tbc-pvp-s1-arena,REVIEWED_ITEMSET_TBC_ARENA_SEASON_1_GLADIATOR
itemset:586,586,true,REVIEWED,TBC,PVP,NONE,S1,S1 · 角斗士,RAID,123,tbc-pvp-s1-arena,REVIEWED_ITEMSET_TBC_ARENA_SEASON_1_GLADIATOR
itemset:587,587,true,REVIEWED,TBC,PVP,NONE,NONE,PvP · 荣誉,DUNGEON,115,tbc-pvp-honor-non-arena,REVIEWED_ITEMSET_TBC_PVP_HONOR_NON_ARENA
itemset:588,588,true,REVIEWED,TBC,PVP,NONE,NONE,PvP · 荣誉,DUNGEON,115,tbc-pvp-honor-non-arena,REVIEWED_ITEMSET_TBC_PVP_HONOR_NON_ARENA
itemset:589,589,true,REVIEWED,TBC,PVP,NONE,NONE,PvP · 荣誉,DUNGEON,115,tbc-pvp-honor-non-arena,REVIEWED_ITEMSET_TBC_PVP_HONOR_NON_ARENA
itemset:590,590,true,REVIEWED,TBC,PVP,NONE,NONE,PvP · 荣誉,DUNGEON,115,tbc-pvp-honor-non-arena,REVIEWED_ITEMSET_TBC_PVP_HONOR_NON_ARENA
itemset:591,591,true,REVIEWED,TBC,PVP,NONE,NONE,PvP · 荣誉,DUNGEON,115,tbc-pvp-honor-non-arena,REVIEWED_ITEMSET_TBC_PVP_HONOR_NON_ARENA
itemset:592,592,true,REVIEWED,TBC,PVP,NONE,NONE,PvP · 荣誉,DUNGEON,115,tbc-pvp-honor-non-arena,REVIEWED_ITEMSET_TBC_PVP_HONOR_NON_ARENA
itemset:593,593,true,REVIEWED,TBC,PVP,NONE,NONE,PvP · 荣誉,DUNGEON,115,tbc-pvp-honor-non-arena,REVIEWED_ITEMSET_TBC_PVP_HONOR_NON_ARENA
itemset:594,594,true,REVIEWED,TBC,PVP,NONE,NONE,PvP · 荣誉,DUNGEON,115,tbc-pvp-honor-non-arena,REVIEWED_ITEMSET_TBC_PVP_HONOR_NON_ARENA
itemset:595,595,true,REVIEWED,TBC,PVP,NONE,NONE,PvP · 荣誉,DUNGEON,115,tbc-pvp-honor-non-arena,REVIEWED_ITEMSET_TBC_PVP_HONOR_NON_ARENA
itemset:596,596,true,REVIEWED,TBC,PVP,NONE,NONE,PvP · 荣誉,DUNGEON,115,tbc-pvp-honor-non-arena,REVIEWED_ITEMSET_TBC_PVP_HONOR_NON_ARENA
itemset:597,597,true,REVIEWED,TBC,PVP,NONE,NONE,PvP · 荣誉,DUNGEON,115,tbc-pvp-honor-non-arena,REVIEWED_ITEMSET_TBC_PVP_HONOR_NON_ARENA
itemset:598,598,true,REVIEWED,TBC,PVP,NONE,NONE,PvP · 荣誉,DUNGEON,115,tbc-pvp-honor-non-arena,REVIEWED_ITEMSET_TBC_PVP_HONOR_NON_ARENA
itemset:599,599,true,REVIEWED,TBC,PVP,NONE,NONE,PvP · 荣誉,DUNGEON,115,tbc-pvp-honor-non-arena,REVIEWED_ITEMSET_TBC_PVP_HONOR_NON_ARENA
itemset:600,600,true,REVIEWED,TBC,PVP,NONE,NONE,PvP · 荣誉,DUNGEON,115,tbc-pvp-honor-non-arena,REVIEWED_ITEMSET_TBC_PVP_HONOR_NON_ARENA
itemset:601,601,true,REVIEWED,TBC,PVP,NONE,NONE,PvP · 荣誉,DUNGEON,115,tbc-pvp-honor-non-arena,REVIEWED_ITEMSET_TBC_PVP_HONOR_NON_ARENA
itemset:602,602,true,REVIEWED,TBC,PVP,NONE,NONE,PvP · 荣誉,DUNGEON,115,tbc-pvp-honor-non-arena,REVIEWED_ITEMSET_TBC_PVP_HONOR_NON_ARENA
itemset:603,603,true,REVIEWED,TBC,PVP,NONE,NONE,PvP · 荣誉,DUNGEON,115,tbc-pvp-honor-non-arena,REVIEWED_ITEMSET_TBC_PVP_HONOR_NON_ARENA
itemset:604,604,true,REVIEWED,TBC,PVP,NONE,NONE,PvP · 荣誉,DUNGEON,115,tbc-pvp-honor-non-arena,REVIEWED_ITEMSET_TBC_PVP_HONOR_NON_ARENA
itemset:605,605,true,REVIEWED,TBC,PVP,NONE,NONE,PvP · 荣誉,DUNGEON,115,tbc-pvp-honor-non-arena,REVIEWED_ITEMSET_TBC_PVP_HONOR_NON_ARENA
itemset:606,606,true,REVIEWED,TBC,PVP,NONE,NONE,PvP · 荣誉,DUNGEON,115,tbc-pvp-honor-non-arena,REVIEWED_ITEMSET_TBC_PVP_HONOR_NON_ARENA
itemset:607,607,true,REVIEWED,TBC,PVP,NONE,NONE,PvP · 荣誉,DUNGEON,115,tbc-pvp-honor-non-arena,REVIEWED_ITEMSET_TBC_PVP_HONOR_NON_ARENA
itemset:608,608,true,REVIEWED,TBC,PVP,NONE,NONE,PvP · 荣誉,DUNGEON,115,tbc-pvp-honor-non-arena,REVIEWED_ITEMSET_TBC_PVP_HONOR_NON_ARENA
itemset:609,609,true,REVIEWED,TBC,PVP,NONE,NONE,PvP · 荣誉,DUNGEON,115,tbc-pvp-honor-non-arena,REVIEWED_ITEMSET_TBC_PVP_HONOR_NON_ARENA
itemset:610,610,true,REVIEWED,TBC,PVP,NONE,NONE,PvP · 荣誉,DUNGEON,115,tbc-pvp-honor-non-arena,REVIEWED_ITEMSET_TBC_PVP_HONOR_NON_ARENA
itemset:611,611,true,UNKNOWN,UNKNOWN,UNKNOWN,NONE,NONE,,UNKNOWN,96.0,unclassified,NO_REVIEWED_ITEMSET_PRESENTATION_RULE
itemset:612,612,true,UNKNOWN,UNKNOWN,UNKNOWN,NONE,NONE,,UNKNOWN,97.5,unclassified,NO_REVIEWED_ITEMSET_PRESENTATION_RULE
itemset:613,613,true,UNKNOWN,UNKNOWN,UNKNOWN,NONE,NONE,,UNKNOWN,97.5,unclassified,NO_REVIEWED_ITEMSET_PRESENTATION_RULE
itemset:614,614,true,UNKNOWN,UNKNOWN,UNKNOWN,NONE,NONE,,UNKNOWN,96.0,unclassified,NO_REVIEWED_ITEMSET_PRESENTATION_RULE
itemset:615,615,true,REVIEWED,TBC,PVP,NONE,S1,S1 · 角斗士,RAID,123,tbc-pvp-s1-arena,REVIEWED_ITEMSET_TBC_ARENA_SEASON_1_GLADIATOR
itemset:616,616,true,UNKNOWN,UNKNOWN,UNKNOWN,NONE,NONE,,UNKNOWN,115,unclassified,NO_REVIEWED_ITEMSET_PRESENTATION_RULE
itemset:617,617,true,UNKNOWN,UNKNOWN,UNKNOWN,NONE,NONE,,UNKNOWN,115,unclassified,NO_REVIEWED_ITEMSET_PRESENTATION_RULE
itemset:618,618,true,UNKNOWN,UNKNOWN,UNKNOWN,NONE,NONE,,UNKNOWN,115,unclassified,NO_REVIEWED_ITEMSET_PRESENTATION_RULE
itemset:619,619,true,UNKNOWN,UNKNOWN,UNKNOWN,NONE,NONE,,UNKNOWN,115,unclassified,NO_REVIEWED_ITEMSET_PRESENTATION_RULE
itemset:620,620,true,REVIEWED,TBC,PVE,D3,NONE,D3,DUNGEON,115,tbc-dungeon-d3-rogue,REVIEWED_ITEMSET_TBC_DUNGEON_3_CLASS_SET
itemset:621,621,true,REVIEWED,TBC,PVE,T4,NONE,T4,RAID,120,tbc-t4-karazhan-gruul-magtheridon,REVIEWED_ITEMSET_TBC_T4_KARAZHAN_GRUUL_MAGTHERIDON
itemset:622,622,true,REVIEWED,TBC,PVE,T5,NONE,T5,RAID,133,tbc-t5-ssc-tempest-keep,REVIEWED_ITEMSET_TBC_T5_SERPENTSHRINE_TEMPEST_KEEP
itemset:623,623,true,REVIEWED,TBC,PVE,D3,NONE,D3,DUNGEON,115,tbc-dungeon-d3-paladin,REVIEWED_ITEMSET_TBC_DUNGEON_3_CLASS_SET
itemset:624,624,true,REVIEWED,TBC,PVE,T4,NONE,T4,RAID,120,tbc-t4-karazhan-gruul-magtheridon,REVIEWED_ITEMSET_TBC_T4_KARAZHAN_GRUUL_MAGTHERIDON
itemset:625,625,true,REVIEWED,TBC,PVE,T4,NONE,T4,RAID,120,tbc-t4-karazhan-gruul-magtheridon,REVIEWED_ITEMSET_TBC_T4_KARAZHAN_GRUUL_MAGTHERIDON
itemset:626,626,true,REVIEWED,TBC,PVE,T4,NONE,T4,RAID,120,tbc-t4-karazhan-gruul-magtheridon,REVIEWED_ITEMSET_TBC_T4_KARAZHAN_GRUUL_MAGTHERIDON
itemset:627,627,true,REVIEWED,TBC,PVE,T5,NONE,T5,RAID,133,tbc-t5-ssc-tempest-keep,REVIEWED_ITEMSET_TBC_T5_SERPENTSHRINE_TEMPEST_KEEP
itemset:628,628,true,REVIEWED,TBC,PVE,T5,NONE,T5,RAID,133,tbc-t5-ssc-tempest-keep,REVIEWED_ITEMSET_TBC_T5_SERPENTSHRINE_TEMPEST_KEEP
itemset:629,629,true,REVIEWED,TBC,PVE,T5,NONE,T5,RAID,133,tbc-t5-ssc-tempest-keep,REVIEWED_ITEMSET_TBC_T5_SERPENTSHRINE_TEMPEST_KEEP
itemset:630,630,true,REVIEWED,TBC,PVE,D3,NONE,D3,DUNGEON,115,tbc-dungeon-d3-shaman,REVIEWED_ITEMSET_TBC_DUNGEON_3_CLASS_SET
itemset:631,631,true,REVIEWED,TBC,PVE,T4,NONE,T4,RAID,120,tbc-t4-karazhan-gruul-magtheridon,REVIEWED_ITEMSET_TBC_T4_KARAZHAN_GRUUL_MAGTHERIDON
itemset:632,632,true,REVIEWED,TBC,PVE,T4,NONE,T4,RAID,120,tbc-t4-karazhan-gruul-magtheridon,REVIEWED_ITEMSET_TBC_T4_KARAZHAN_GRUUL_MAGTHERIDON
itemset:633,633,true,REVIEWED,TBC,PVE,T4,NONE,T4,RAID,120,tbc-t4-karazhan-gruul-magtheridon,REVIEWED_ITEMSET_TBC_T4_KARAZHAN_GRUUL_MAGTHERIDON
itemset:634,634,true,REVIEWED,TBC,PVE,T5,NONE,T5,RAID,133,tbc-t5-ssc-tempest-keep,REVIEWED_ITEMSET_TBC_T5_SERPENTSHRINE_TEMPEST_KEEP
itemset:635,635,true,REVIEWED,TBC,PVE,T5,NONE,T5,RAID,133,tbc-t5-ssc-tempest-keep,REVIEWED_ITEMSET_TBC_T5_SERPENTSHRINE_TEMPEST_KEEP
itemset:636,636,true,REVIEWED,TBC,PVE,T5,NONE,T5,RAID,133,tbc-t5-ssc-tempest-keep,REVIEWED_ITEMSET_TBC_T5_SERPENTSHRINE_TEMPEST_KEEP
itemset:637,637,true,REVIEWED,TBC,PVE,D3,NONE,D3,DUNGEON,115,tbc-dungeon-d3-druid,REVIEWED_ITEMSET_TBC_DUNGEON_3_CLASS_SET
itemset:638,638,true,REVIEWED,TBC,PVE,T4,NONE,T4,RAID,120,tbc-t4-karazhan-gruul-magtheridon,REVIEWED_ITEMSET_TBC_T4_KARAZHAN_GRUUL_MAGTHERIDON
itemset:639,639,true,REVIEWED,TBC,PVE,T4,NONE,T4,RAID,120,tbc-t4-karazhan-gruul-magtheridon,REVIEWED_ITEMSET_TBC_T4_KARAZHAN_GRUUL_MAGTHERIDON
itemset:640,640,true,REVIEWED,TBC,PVE,T4,NONE,T4,RAID,120,tbc-t4-karazhan-gruul-magtheridon,REVIEWED_ITEMSET_TBC_T4_KARAZHAN_GRUUL_MAGTHERIDON
itemset:641,641,true,REVIEWED,TBC,PVE,T5,NONE,T5,RAID,133,tbc-t5-ssc-tempest-keep,REVIEWED_ITEMSET_TBC_T5_SERPENTSHRINE_TEMPEST_KEEP
itemset:642,642,true,REVIEWED,TBC,PVE,T5,NONE,T5,RAID,133,tbc-t5-ssc-tempest-keep,REVIEWED_ITEMSET_TBC_T5_SERPENTSHRINE_TEMPEST_KEEP
itemset:643,643,true,REVIEWED,TBC,PVE,T5,NONE,T5,RAID,133,tbc-t5-ssc-tempest-keep,REVIEWED_ITEMSET_TBC_T5_SERPENTSHRINE_TEMPEST_KEEP
itemset:644,644,true,REVIEWED,TBC,PVE,D3,NONE,D3,DUNGEON,115,tbc-dungeon-d3-warlock,REVIEWED_ITEMSET_TBC_DUNGEON_3_CLASS_SET
itemset:645,645,true,REVIEWED,TBC,PVE,T4,NONE,T4,RAID,120,tbc-t4-karazhan-gruul-magtheridon,REVIEWED_ITEMSET_TBC_T4_KARAZHAN_GRUUL_MAGTHERIDON
itemset:646,646,true,REVIEWED,TBC,PVE,T5,NONE,T5,RAID,133,tbc-t5-ssc-tempest-keep,REVIEWED_ITEMSET_TBC_T5_SERPENTSHRINE_TEMPEST_KEEP
itemset:647,647,true,REVIEWED,TBC,PVE,D3,NONE,D3,DUNGEON,115,tbc-dungeon-d3-mage,REVIEWED_ITEMSET_TBC_DUNGEON_3_CLASS_SET
itemset:648,648,true,REVIEWED,TBC,PVE,T4,NONE,T4,RAID,120,tbc-t4-karazhan-gruul-magtheridon,REVIEWED_ITEMSET_TBC_T4_KARAZHAN_GRUUL_MAGTHERIDON
itemset:649,649,true,REVIEWED,TBC,PVE,T5,NONE,T5,RAID,133,tbc-t5-ssc-tempest-keep,REVIEWED_ITEMSET_TBC_T5_SERPENTSHRINE_TEMPEST_KEEP
itemset:650,650,true,REVIEWED,TBC,PVE,D3,NONE,D3,DUNGEON,115,tbc-dungeon-d3-hunter,REVIEWED_ITEMSET_TBC_DUNGEON_3_CLASS_SET
itemset:651,651,true,REVIEWED,TBC,PVE,T4,NONE,T4,RAID,120,tbc-t4-karazhan-gruul-magtheridon,REVIEWED_ITEMSET_TBC_T4_KARAZHAN_GRUUL_MAGTHERIDON
itemset:652,652,true,REVIEWED,TBC,PVE,T5,NONE,T5,RAID,133,tbc-t5-ssc-tempest-keep,REVIEWED_ITEMSET_TBC_T5_SERPENTSHRINE_TEMPEST_KEEP
itemset:653,653,true,REVIEWED,TBC,PVE,D3,NONE,D3,DUNGEON,115,tbc-dungeon-d3-warrior,REVIEWED_ITEMSET_TBC_DUNGEON_3_CLASS_SET
itemset:654,654,true,REVIEWED,TBC,PVE,T4,NONE,T4,RAID,120,tbc-t4-karazhan-gruul-magtheridon,REVIEWED_ITEMSET_TBC_T4_KARAZHAN_GRUUL_MAGTHERIDON
itemset:655,655,true,REVIEWED,TBC,PVE,T4,NONE,T4,RAID,120,tbc-t4-karazhan-gruul-magtheridon,REVIEWED_ITEMSET_TBC_T4_KARAZHAN_GRUUL_MAGTHERIDON
itemset:656,656,true,REVIEWED,TBC,PVE,T5,NONE,T5,RAID,133,tbc-t5-ssc-tempest-keep,REVIEWED_ITEMSET_TBC_T5_SERPENTSHRINE_TEMPEST_KEEP
itemset:657,657,true,REVIEWED,TBC,PVE,T5,NONE,T5,RAID,133,tbc-t5-ssc-tempest-keep,REVIEWED_ITEMSET_TBC_T5_SERPENTSHRINE_TEMPEST_KEEP
itemset:658,658,true,UNKNOWN,UNKNOWN,UNKNOWN,NONE,NONE,,UNKNOWN,115,unclassified,NO_REVIEWED_ITEMSET_PRESENTATION_RULE
itemset:659,659,true,UNKNOWN,UNKNOWN,UNKNOWN,NONE,NONE,,UNKNOWN,115,unclassified,NO_REVIEWED_ITEMSET_PRESENTATION_RULE
itemset:660,660,true,UNKNOWN,UNKNOWN,UNKNOWN,NONE,NONE,,UNKNOWN,115,unclassified,NO_REVIEWED_ITEMSET_PRESENTATION_RULE
itemset:661,661,true,UNKNOWN,UNKNOWN,UNKNOWN,NONE,NONE,,UNKNOWN,115,unclassified,NO_REVIEWED_ITEMSET_PRESENTATION_RULE
itemset:662,662,true,REVIEWED,TBC,PVE,D3,NONE,D3,DUNGEON,115,tbc-dungeon-d3-priest,REVIEWED_ITEMSET_TBC_DUNGEON_3_CLASS_SET
itemset:663,663,true,REVIEWED,TBC,PVE,T4,NONE,T4,RAID,120,tbc-t4-karazhan-gruul-magtheridon,REVIEWED_ITEMSET_TBC_T4_KARAZHAN_GRUUL_MAGTHERIDON
itemset:664,664,true,REVIEWED,TBC,PVE,T4,NONE,T4,RAID,120,tbc-t4-karazhan-gruul-magtheridon,REVIEWED_ITEMSET_TBC_T4_KARAZHAN_GRUUL_MAGTHERIDON
itemset:665,665,true,REVIEWED,TBC,PVE,T5,NONE,T5,RAID,133,tbc-t5-ssc-tempest-keep,REVIEWED_ITEMSET_TBC_T5_SERPENTSHRINE_TEMPEST_KEEP
itemset:666,666,true,REVIEWED,TBC,PVE,T5,NONE,T5,RAID,133,tbc-t5-ssc-tempest-keep,REVIEWED_ITEMSET_TBC_T5_SERPENTSHRINE_TEMPEST_KEEP
itemset:667,667,false,UNKNOWN,UNKNOWN,UNKNOWN,NONE,NONE,,UNKNOWN,100.0,unclassified,NO_REVIEWED_ITEMSET_PRESENTATION_RULE
itemset:668,668,true,REVIEWED,TBC,PVE,T6,NONE,T6,RAID,146.0,tbc-t6-hyjal-black-temple-sunwell,REVIEWED_ITEMSET_TBC_T6_HYJAL_BLACK_TEMPLE_SUNWELL
itemset:669,669,true,REVIEWED,TBC,PVE,T6,NONE,T6,RAID,146.0,tbc-t6-hyjal-black-temple-sunwell,REVIEWED_ITEMSET_TBC_T6_HYJAL_BLACK_TEMPLE_SUNWELL
itemset:670,670,true,REVIEWED,TBC,PVE,T6,NONE,T6,RAID,146.0,tbc-t6-hyjal-black-temple-sunwell,REVIEWED_ITEMSET_TBC_T6_HYJAL_BLACK_TEMPLE_SUNWELL
itemset:671,671,true,REVIEWED,TBC,PVE,T6,NONE,T6,RAID,146.0,tbc-t6-hyjal-black-temple-sunwell,REVIEWED_ITEMSET_TBC_T6_HYJAL_BLACK_TEMPLE_SUNWELL
itemset:672,672,true,REVIEWED,TBC,PVE,T6,NONE,T6,RAID,146.0,tbc-t6-hyjal-black-temple-sunwell,REVIEWED_ITEMSET_TBC_T6_HYJAL_BLACK_TEMPLE_SUNWELL
itemset:673,673,true,REVIEWED,TBC,PVE,T6,NONE,T6,RAID,146.0,tbc-t6-hyjal-black-temple-sunwell,REVIEWED_ITEMSET_TBC_T6_HYJAL_BLACK_TEMPLE_SUNWELL
itemset:674,674,true,REVIEWED,TBC,PVE,T6,NONE,T6,RAID,146.0,tbc-t6-hyjal-black-temple-sunwell,REVIEWED_ITEMSET_TBC_T6_HYJAL_BLACK_TEMPLE_SUNWELL
itemset:675,675,true,REVIEWED,TBC,PVE,T6,NONE,T6,RAID,146.0,tbc-t6-hyjal-black-temple-sunwell,REVIEWED_ITEMSET_TBC_T6_HYJAL_BLACK_TEMPLE_SUNWELL
itemset:676,676,true,REVIEWED,TBC,PVE,T6,NONE,T6,RAID,146.0,tbc-t6-hyjal-black-temple-sunwell,REVIEWED_ITEMSET_TBC_T6_HYJAL_BLACK_TEMPLE_SUNWELL
itemset:677,677,true,REVIEWED,TBC,PVE,T6,NONE,T6,RAID,146.0,tbc-t6-hyjal-black-temple-sunwell,REVIEWED_ITEMSET_TBC_T6_HYJAL_BLACK_TEMPLE_SUNWELL
itemset:678,678,true,REVIEWED,TBC,PVE,T6,NONE,T6,RAID,146.0,tbc-t6-hyjal-black-temple-sunwell,REVIEWED_ITEMSET_TBC_T6_HYJAL_BLACK_TEMPLE_SUNWELL
itemset:679,679,true,REVIEWED,TBC,PVE,T6,NONE,T6,RAID,146.0,tbc-t6-hyjal-black-temple-sunwell,REVIEWED_ITEMSET_TBC_T6_HYJAL_BLACK_TEMPLE_SUNWELL
itemset:680,680,true,REVIEWED,TBC,PVE,T6,NONE,T6,RAID,146.0,tbc-t6-hyjal-black-temple-sunwell,REVIEWED_ITEMSET_TBC_T6_HYJAL_BLACK_TEMPLE_SUNWELL
itemset:681,681,true,REVIEWED,TBC,PVE,T6,NONE,T6,RAID,146.0,tbc-t6-hyjal-black-temple-sunwell,REVIEWED_ITEMSET_TBC_T6_HYJAL_BLACK_TEMPLE_SUNWELL
itemset:682,682,true,REVIEWED,TBC,PVE,T6,NONE,T6,RAID,146.0,tbc-t6-hyjal-black-temple-sunwell,REVIEWED_ITEMSET_TBC_T6_HYJAL_BLACK_TEMPLE_SUNWELL
itemset:683,683,true,REVIEWED,TBC,PVE,T6,NONE,T6,RAID,146.0,tbc-t6-hyjal-black-temple-sunwell,REVIEWED_ITEMSET_TBC_T6_HYJAL_BLACK_TEMPLE_SUNWELL
itemset:684,684,true,REVIEWED,TBC,PVE,T6,NONE,T6,RAID,146.0,tbc-t6-hyjal-black-temple-sunwell,REVIEWED_ITEMSET_TBC_T6_HYJAL_BLACK_TEMPLE_SUNWELL
itemset:685,685,true,REVIEWED,TBC,PVP,NONE,S1,S1 · 角斗士,RAID,123,tbc-pvp-s1-arena,REVIEWED_ITEMSET_TBC_ARENA_SEASON_1_GLADIATOR
itemset:686,686,true,REVIEWED,TBC,PVP,NONE,S1,S1 · 角斗士,RAID,123,tbc-pvp-s1-arena,REVIEWED_ITEMSET_TBC_ARENA_SEASON_1_GLADIATOR
itemset:687,687,true,REVIEWED,TBC,PVP,NONE,S1,S1 · 角斗士,RAID,123,tbc-pvp-s1-arena,REVIEWED_ITEMSET_TBC_ARENA_SEASON_1_GLADIATOR
itemset:688,688,true,REVIEWED,TBC,PVP,NONE,NONE,PvP · 荣誉,DUNGEON,115,tbc-pvp-honor-non-arena,REVIEWED_ITEMSET_TBC_PVP_HONOR_NON_ARENA
itemset:689,689,true,REVIEWED,TBC,PVP,NONE,NONE,PvP · 荣誉,DUNGEON,115,tbc-pvp-honor-non-arena,REVIEWED_ITEMSET_TBC_PVP_HONOR_NON_ARENA
itemset:690,690,true,REVIEWED,TBC,PVP,NONE,S1,S1 · 角斗士,RAID,123,tbc-pvp-s1-arena,REVIEWED_ITEMSET_TBC_ARENA_SEASON_1_GLADIATOR
itemset:691,691,true,REVIEWED,TBC,PVP,NONE,NONE,PvP · 荣誉,DUNGEON,115,tbc-pvp-honor-non-arena,REVIEWED_ITEMSET_TBC_PVP_HONOR_NON_ARENA
itemset:692,692,true,REVIEWED,TBC,PVP,NONE,NONE,PvP · 荣誉,DUNGEON,115,tbc-pvp-honor-non-arena,REVIEWED_ITEMSET_TBC_PVP_HONOR_NON_ARENA
itemset:693,693,true,REVIEWED,TBC,PVP,NONE,NONE,PvP · 荣誉,DUNGEON,115,tbc-pvp-honor-non-arena,REVIEWED_ITEMSET_TBC_PVP_HONOR_NON_ARENA
itemset:694,694,true,REVIEWED,TBC,PVP,NONE,NONE,PvP · 荣誉,DUNGEON,115,tbc-pvp-honor-non-arena,REVIEWED_ITEMSET_TBC_PVP_HONOR_NON_ARENA
itemset:695,695,true,REVIEWED,TBC,PVP,NONE,NONE,PvP · 荣誉,DUNGEON,115,tbc-pvp-honor-non-arena,REVIEWED_ITEMSET_TBC_PVP_HONOR_NON_ARENA
itemset:696,696,true,REVIEWED,TBC,PVP,NONE,NONE,PvP · 荣誉,DUNGEON,115,tbc-pvp-honor-non-arena,REVIEWED_ITEMSET_TBC_PVP_HONOR_NON_ARENA
itemset:697,697,true,REVIEWED,TBC,PVP,NONE,NONE,PvP · 荣誉,DUNGEON,68.0,tbc-pvp-honor-non-arena,REVIEWED_ITEMSET_TBC_PVP_HONOR_NON_ARENA
itemset:698,698,true,REVIEWED,TBC,PVP,NONE,NONE,PvP · 荣誉,DUNGEON,72.5,tbc-pvp-honor-non-arena,REVIEWED_ITEMSET_TBC_PVP_HONOR_NON_ARENA
itemset:699,699,true,UNKNOWN,UNKNOWN,UNKNOWN,NONE,NONE,,UNKNOWN,156.0,unclassified,NO_REVIEWED_ITEMSET_PRESENTATION_RULE
itemset:700,700,false,UNKNOWN,UNKNOWN,UNKNOWN,NONE,NONE,,UNKNOWN,0,unclassified,NO_REVIEWED_ITEMSET_PRESENTATION_RULE
itemset:701,701,false,UNKNOWN,UNKNOWN,UNKNOWN,NONE,NONE,,UNKNOWN,0,unclassified,NO_REVIEWED_ITEMSET_PRESENTATION_RULE
itemset:702,702,false,UNKNOWN,UNKNOWN,UNKNOWN,NONE,NONE,,UNKNOWN,0,unclassified,NO_REVIEWED_ITEMSET_PRESENTATION_RULE
itemset:703,703,false,UNKNOWN,UNKNOWN,UNKNOWN,NONE,NONE,,UNKNOWN,0,unclassified,NO_REVIEWED_ITEMSET_PRESENTATION_RULE
itemset:704,704,false,UNKNOWN,UNKNOWN,UNKNOWN,NONE,NONE,,UNKNOWN,0,unclassified,NO_REVIEWED_ITEMSET_PRESENTATION_RULE
itemset:705,705,false,UNKNOWN,UNKNOWN,UNKNOWN,NONE,NONE,,UNKNOWN,0,unclassified,NO_REVIEWED_ITEMSET_PRESENTATION_RULE
itemset:706,706,false,UNKNOWN,UNKNOWN,UNKNOWN,NONE,NONE,,UNKNOWN,0,unclassified,NO_REVIEWED_ITEMSET_PRESENTATION_RULE
itemset:707,707,false,UNKNOWN,UNKNOWN,UNKNOWN,NONE,NONE,,UNKNOWN,0,unclassified,NO_REVIEWED_ITEMSET_PRESENTATION_RULE
itemset:708,708,false,UNKNOWN,UNKNOWN,UNKNOWN,NONE,NONE,,UNKNOWN,0,unclassified,NO_REVIEWED_ITEMSET_PRESENTATION_RULE
itemset:709,709,false,UNKNOWN,UNKNOWN,UNKNOWN,NONE,NONE,,UNKNOWN,0,unclassified,NO_REVIEWED_ITEMSET_PRESENTATION_RULE
itemset:710,710,false,UNKNOWN,UNKNOWN,UNKNOWN,NONE,NONE,,UNKNOWN,0,unclassified,NO_REVIEWED_ITEMSET_PRESENTATION_RULE
itemset:711,711,false,UNKNOWN,UNKNOWN,UNKNOWN,NONE,NONE,,UNKNOWN,0,unclassified,NO_REVIEWED_ITEMSET_PRESENTATION_RULE
itemset:712,712,false,UNKNOWN,UNKNOWN,UNKNOWN,NONE,NONE,,UNKNOWN,0,unclassified,NO_REVIEWED_ITEMSET_PRESENTATION_RULE
itemset:713,713,false,UNKNOWN,UNKNOWN,UNKNOWN,NONE,NONE,,UNKNOWN,0,unclassified,NO_REVIEWED_ITEMSET_PRESENTATION_RULE
itemset:714,714,false,UNKNOWN,UNKNOWN,UNKNOWN,NONE,NONE,,UNKNOWN,0,unclassified,NO_REVIEWED_ITEMSET_PRESENTATION_RULE
itemset:715,715,false,UNKNOWN,UNKNOWN,UNKNOWN,NONE,NONE,,UNKNOWN,0,unclassified,NO_REVIEWED_ITEMSET_PRESENTATION_RULE
itemset:716,716,false,UNKNOWN,UNKNOWN,UNKNOWN,NONE,NONE,,UNKNOWN,0,unclassified,NO_REVIEWED_ITEMSET_PRESENTATION_RULE
itemset:717,717,true,REVIEWED,TBC,PVP,NONE,NONE,PvP · 荣誉,DUNGEON,72.5,tbc-pvp-honor-non-arena,REVIEWED_ITEMSET_TBC_PVP_HONOR_NON_ARENA
itemset:718,718,true,REVIEWED,TBC,PVP,NONE,NONE,PvP · 荣誉,DUNGEON,68.0,tbc-pvp-honor-non-arena,REVIEWED_ITEMSET_TBC_PVP_HONOR_NON_ARENA
itemset:719,719,true,UNKNOWN,UNKNOWN,UNKNOWN,NONE,NONE,,UNKNOWN,141.0,unclassified,NO_REVIEWED_ITEMSET_PRESENTATION_RULE
itemset:720,720,false,UNKNOWN,UNKNOWN,UNKNOWN,NONE,NONE,,UNKNOWN,0,unclassified,NO_REVIEWED_ITEMSET_PRESENTATION_RULE
itemset:721,721,false,UNKNOWN,UNKNOWN,UNKNOWN,NONE,NONE,,UNKNOWN,0,unclassified,NO_REVIEWED_ITEMSET_PRESENTATION_RULE
itemset:722,722,false,UNKNOWN,UNKNOWN,UNKNOWN,NONE,NONE,,UNKNOWN,0,unclassified,NO_REVIEWED_ITEMSET_PRESENTATION_RULE
itemset:723,723,false,UNKNOWN,UNKNOWN,UNKNOWN,NONE,NONE,,UNKNOWN,0,unclassified,NO_REVIEWED_ITEMSET_PRESENTATION_RULE
itemset:724,724,false,UNKNOWN,UNKNOWN,UNKNOWN,NONE,NONE,,UNKNOWN,0,unclassified,NO_REVIEWED_ITEMSET_PRESENTATION_RULE
itemset:725,725,false,UNKNOWN,UNKNOWN,UNKNOWN,NONE,NONE,,UNKNOWN,0,unclassified,NO_REVIEWED_ITEMSET_PRESENTATION_RULE
itemset:726,726,false,UNKNOWN,UNKNOWN,UNKNOWN,NONE,NONE,,UNKNOWN,0,unclassified,NO_REVIEWED_ITEMSET_PRESENTATION_RULE
itemset:727,727,false,UNKNOWN,UNKNOWN,UNKNOWN,NONE,NONE,,UNKNOWN,0,unclassified,NO_REVIEWED_ITEMSET_PRESENTATION_RULE
itemset:728,728,false,UNKNOWN,UNKNOWN,UNKNOWN,NONE,NONE,,UNKNOWN,0,unclassified,NO_REVIEWED_ITEMSET_PRESENTATION_RULE
itemset:729,729,false,UNKNOWN,UNKNOWN,UNKNOWN,NONE,NONE,,UNKNOWN,0,unclassified,NO_REVIEWED_ITEMSET_PRESENTATION_RULE
itemset:730,730,false,UNKNOWN,UNKNOWN,UNKNOWN,NONE,NONE,,UNKNOWN,0,unclassified,NO_REVIEWED_ITEMSET_PRESENTATION_RULE
itemset:731,731,false,UNKNOWN,UNKNOWN,UNKNOWN,NONE,NONE,,UNKNOWN,0,unclassified,NO_REVIEWED_ITEMSET_PRESENTATION_RULE
itemset:732,732,false,UNKNOWN,UNKNOWN,UNKNOWN,NONE,NONE,,UNKNOWN,0,unclassified,NO_REVIEWED_ITEMSET_PRESENTATION_RULE
itemset:733,733,false,UNKNOWN,UNKNOWN,UNKNOWN,NONE,NONE,,UNKNOWN,0,unclassified,NO_REVIEWED_ITEMSET_PRESENTATION_RULE
itemset:734,734,false,UNKNOWN,UNKNOWN,UNKNOWN,NONE,NONE,,UNKNOWN,0,unclassified,NO_REVIEWED_ITEMSET_PRESENTATION_RULE
itemset:735,735,false,UNKNOWN,UNKNOWN,UNKNOWN,NONE,NONE,,UNKNOWN,0,unclassified,NO_REVIEWED_ITEMSET_PRESENTATION_RULE
itemset:736,736,false,UNKNOWN,UNKNOWN,UNKNOWN,NONE,NONE,,UNKNOWN,0,unclassified,NO_REVIEWED_ITEMSET_PRESENTATION_RULE
itemset:737,737,false,UNKNOWN,UNKNOWN,UNKNOWN,NONE,NONE,,UNKNOWN,115.0,unclassified,NO_REVIEWED_ITEMSET_PRESENTATION_RULE
itemset:738,738,true,REVIEWED,TBC,PVP,NONE,NONE,PvP · 声望,DUNGEON,115,tbc-pvp-reputation-blue,REVIEWED_ITEMSET_TBC_PVP_REPUTATION_BLUE_NON_ARENA
itemset:739,739,true,REVIEWED,TBC,PVP,NONE,NONE,PvP · 声望,DUNGEON,115,tbc-pvp-reputation-blue,REVIEWED_ITEMSET_TBC_PVP_REPUTATION_BLUE_NON_ARENA
itemset:740,740,true,REVIEWED,TBC,PVP,NONE,NONE,PvP · 声望,DUNGEON,115,tbc-pvp-reputation-blue,REVIEWED_ITEMSET_TBC_PVP_REPUTATION_BLUE_NON_ARENA
itemset:741,741,true,REVIEWED,TBC,PVP,NONE,NONE,PvP · 声望,DUNGEON,115,tbc-pvp-reputation-blue,REVIEWED_ITEMSET_TBC_PVP_REPUTATION_BLUE_NON_ARENA
itemset:742,742,true,REVIEWED,TBC,PVP,NONE,NONE,PvP · 声望,DUNGEON,115,tbc-pvp-reputation-blue,REVIEWED_ITEMSET_TBC_PVP_REPUTATION_BLUE_NON_ARENA
itemset:743,743,true,REVIEWED,TBC,PVP,NONE,NONE,PvP · 声望,DUNGEON,115,tbc-pvp-reputation-blue,REVIEWED_ITEMSET_TBC_PVP_REPUTATION_BLUE_NON_ARENA
itemset:744,744,true,REVIEWED,TBC,PVP,NONE,NONE,PvP · 声望,DUNGEON,115,tbc-pvp-reputation-blue,REVIEWED_ITEMSET_TBC_PVP_REPUTATION_BLUE_NON_ARENA
itemset:745,745,true,REVIEWED,TBC,PVP,NONE,NONE,PvP · 声望,DUNGEON,115,tbc-pvp-reputation-blue,REVIEWED_ITEMSET_TBC_PVP_REPUTATION_BLUE_NON_ARENA
itemset:746,746,true,REVIEWED,TBC,PVP,NONE,NONE,PvP · 声望,DUNGEON,115,tbc-pvp-reputation-blue,REVIEWED_ITEMSET_TBC_PVP_REPUTATION_BLUE_NON_ARENA
itemset:747,747,true,REVIEWED,TBC,PVP,NONE,NONE,PvP · 声望,DUNGEON,115,tbc-pvp-reputation-blue,REVIEWED_ITEMSET_TBC_PVP_REPUTATION_BLUE_NON_ARENA
itemset:748,748,true,REVIEWED,TBC,PVP,NONE,NONE,PvP · 声望,DUNGEON,115,tbc-pvp-reputation-blue,REVIEWED_ITEMSET_TBC_PVP_REPUTATION_BLUE_NON_ARENA
itemset:749,749,true,REVIEWED,TBC,PVP,NONE,NONE,PvP · 声望,DUNGEON,115,tbc-pvp-reputation-blue,REVIEWED_ITEMSET_TBC_PVP_REPUTATION_BLUE_NON_ARENA
itemset:750,750,true,REVIEWED,TBC,PVP,NONE,NONE,PvP · 声望,DUNGEON,115,tbc-pvp-reputation-blue,REVIEWED_ITEMSET_TBC_PVP_REPUTATION_BLUE_NON_ARENA
itemset:751,751,true,REVIEWED,TBC,PVP,NONE,NONE,PvP · 声望,DUNGEON,115,tbc-pvp-reputation-blue,REVIEWED_ITEMSET_TBC_PVP_REPUTATION_BLUE_NON_ARENA
itemset:752,752,true,REVIEWED,TBC,PVP,NONE,NONE,PvP · 声望,DUNGEON,115,tbc-pvp-reputation-blue,REVIEWED_ITEMSET_TBC_PVP_REPUTATION_BLUE_NON_ARENA
itemset:754,754,true,UNKNOWN,UNKNOWN,UNKNOWN,NONE,NONE,,UNKNOWN,146.0,unclassified,NO_REVIEWED_ITEMSET_PRESENTATION_RULE
itemset:755,755,true,UNKNOWN,UNKNOWN,UNKNOWN,NONE,NONE,,UNKNOWN,140.0,unclassified,NO_REVIEWED_ITEMSET_PRESENTATION_RULE
itemset:756,756,true,UNKNOWN,UNKNOWN,UNKNOWN,NONE,NONE,,UNKNOWN,142.0,unclassified,NO_REVIEWED_ITEMSET_PRESENTATION_RULE
itemset:757,757,true,UNKNOWN,UNKNOWN,UNKNOWN,NONE,NONE,,UNKNOWN,142.0,unclassified,NO_REVIEWED_ITEMSET_PRESENTATION_RULE
itemset:759,759,false,UNKNOWN,UNKNOWN,UNKNOWN,NONE,NONE,,UNKNOWN,154.0,unclassified,NO_REVIEWED_ITEMSET_PRESENTATION_RULE
itemset:760,760,true,REVIEWED,WRATH,PVP,NONE,S5,S5 · 凶残角斗士,DUNGEON,159,wrath-pvp-s5-savage,REVIEWED_ITEMSET_WRATH_ARENA_SEASON_5_SAVAGE
itemset:761,761,true,UNKNOWN,UNKNOWN,UNKNOWN,NONE,NONE,,UNKNOWN,1,unclassified,NO_REVIEWED_ITEMSET_PRESENTATION_RULE
itemset:762,762,true,UNKNOWN,UNKNOWN,UNKNOWN,NONE,NONE,,UNKNOWN,1.0,unclassified,NO_REVIEWED_ITEMSET_PRESENTATION_RULE
itemset:763,763,true,UNKNOWN,UNKNOWN,UNKNOWN,NONE,NONE,,UNKNOWN,138.0,unclassified,NO_REVIEWED_ITEMSET_PRESENTATION_RULE
itemset:764,764,true,UNKNOWN,UNKNOWN,UNKNOWN,NONE,NONE,,UNKNOWN,158.0,unclassified,NO_REVIEWED_ITEMSET_PRESENTATION_RULE
itemset:765,765,true,REVIEWED,WRATH,PVP,NONE,S5,S5 · 凶残角斗士,DUNGEON,136,wrath-pvp-s5-savage,REVIEWED_ITEMSET_WRATH_ARENA_SEASON_5_SAVAGE
itemset:766,766,true,REVIEWED,WRATH,PVP,NONE,S5,S5 · 凶残角斗士,DUNGEON,123,wrath-pvp-s5-savage,REVIEWED_ITEMSET_WRATH_ARENA_SEASON_5_SAVAGE
itemset:767,767,true,REVIEWED,WRATH,PVP,NONE,S5,S5 · 凶残角斗士,DUNGEON,123,wrath-pvp-s5-savage,REVIEWED_ITEMSET_WRATH_ARENA_SEASON_5_SAVAGE
itemset:768,768,true,REVIEWED,WRATH,PVP,NONE,S5,S5 · 凶残角斗士,DUNGEON,200,wrath-pvp-s5-savage,REVIEWED_ITEMSET_WRATH_ARENA_SEASON_5_SAVAGE
itemset:769,769,true,REVIEWED,WRATH,PVP,NONE,S5,S5 · 凶残角斗士,DUNGEON,136,wrath-pvp-s5-savage,REVIEWED_ITEMSET_WRATH_ARENA_SEASON_5_SAVAGE
itemset:770,770,true,REVIEWED,WRATH,PVP,NONE,S5,S5 · 凶残角斗士,DUNGEON,123,wrath-pvp-s5-savage,REVIEWED_ITEMSET_WRATH_ARENA_SEASON_5_SAVAGE
itemset:771,771,true,REVIEWED,WRATH,PVP,NONE,S5,S5 · 凶残角斗士,DUNGEON,146,wrath-pvp-s5-savage,REVIEWED_ITEMSET_WRATH_ARENA_SEASON_5_SAVAGE
itemset:772,772,true,REVIEWED,WRATH,PVP,NONE,S5,S5 · 凶残角斗士,DUNGEON,123,wrath-pvp-s5-savage,REVIEWED_ITEMSET_WRATH_ARENA_SEASON_5_SAVAGE
itemset:773,773,true,REVIEWED,WRATH,PVP,NONE,S5,S5 · 凶残角斗士,DUNGEON,123,wrath-pvp-s5-savage,REVIEWED_ITEMSET_WRATH_ARENA_SEASON_5_SAVAGE
itemset:774,774,true,REVIEWED,WRATH,PVP,NONE,S5,S5 · 凶残角斗士,DUNGEON,123,wrath-pvp-s5-savage,REVIEWED_ITEMSET_WRATH_ARENA_SEASON_5_SAVAGE
itemset:775,775,true,REVIEWED,WRATH,PVP,NONE,S5,S5 · 凶残角斗士,DUNGEON,136,wrath-pvp-s5-savage-druid-sanctuary,REVIEWED_ITEMSET_WRATH_ARENA_SEASON_5_SAVAGE_CLASS_FIX
itemset:776,776,true,REVIEWED,WRATH,PVP,NONE,S5,S5 · 凶残角斗士,DUNGEON,136,wrath-pvp-s5-savage,REVIEWED_ITEMSET_WRATH_ARENA_SEASON_5_SAVAGE
itemset:777,777,true,REVIEWED,WRATH,PVP,NONE,S5,S5 · 凶残角斗士,DUNGEON,123,wrath-pvp-s5-savage,REVIEWED_ITEMSET_WRATH_ARENA_SEASON_5_SAVAGE
itemset:778,778,true,REVIEWED,WRATH,PVP,NONE,S5,S5 · 凶残角斗士,DUNGEON,123,wrath-pvp-s5-savage,REVIEWED_ITEMSET_WRATH_ARENA_SEASON_5_SAVAGE
itemset:779,779,true,REVIEWED,WRATH,PVP,NONE,S5,S5 · 凶残角斗士,DUNGEON,123,wrath-pvp-s5-savage,REVIEWED_ITEMSET_WRATH_ARENA_SEASON_5_SAVAGE
itemset:780,780,true,REVIEWED,WRATH,PVP,NONE,S5,S5 · 凶残角斗士,DUNGEON,123,wrath-pvp-s5-savage,REVIEWED_ITEMSET_WRATH_ARENA_SEASON_5_SAVAGE
itemset:781,781,true,UNKNOWN,UNKNOWN,UNKNOWN,NONE,NONE,,UNKNOWN,115.0,unclassified,NO_REVIEWED_ITEMSET_PRESENTATION_RULE
itemset:782,782,true,UNKNOWN,UNKNOWN,UNKNOWN,NONE,NONE,,UNKNOWN,115.0,unclassified,NO_REVIEWED_ITEMSET_PRESENTATION_RULE
itemset:783,783,true,UNKNOWN,UNKNOWN,UNKNOWN,NONE,NONE,,UNKNOWN,115.0,unclassified,NO_REVIEWED_ITEMSET_PRESENTATION_RULE
itemset:784,784,true,UNKNOWN,UNKNOWN,UNKNOWN,NONE,NONE,,UNKNOWN,115.0,unclassified,NO_REVIEWED_ITEMSET_PRESENTATION_RULE
itemset:785,785,true,UNKNOWN,UNKNOWN,UNKNOWN,NONE,NONE,,UNKNOWN,1,unclassified,NO_REVIEWED_ITEMSET_PRESENTATION_RULE
itemset:787,787,true,REVIEWED,WRATH,PVE,T7,NONE,T7,RAID,200,wrath-t7-naxx,REVIEWED_ITEMSET_RANGE_WRATH_T7_NAXX
itemset:788,788,true,REVIEWED,WRATH,PVE,T7,NONE,T7,RAID,200,wrath-t7-naxx,REVIEWED_ITEMSET_RANGE_WRATH_T7_NAXX
itemset:789,789,true,REVIEWED,WRATH,PVE,T7,NONE,T7,RAID,200,wrath-t7-naxx,REVIEWED_ITEMSET_RANGE_WRATH_T7_NAXX
itemset:790,790,true,REVIEWED,WRATH,PVE,T7,NONE,T7,RAID,200,wrath-t7-naxx,REVIEWED_ITEMSET_RANGE_WRATH_T7_NAXX
itemset:791,791,true,REVIEWED,WRATH,PVE,T7,NONE,T7,RAID,200,wrath-t7-naxx,REVIEWED_ITEMSET_RANGE_WRATH_T7_NAXX
itemset:792,792,true,REVIEWED,WRATH,PVE,T7,NONE,T7,RAID,200,wrath-t7-naxx,REVIEWED_ITEMSET_RANGE_WRATH_T7_NAXX
itemset:793,793,true,REVIEWED,WRATH,PVE,T7,NONE,T7,RAID,200,wrath-t7-naxx,REVIEWED_ITEMSET_RANGE_WRATH_T7_NAXX
itemset:794,794,true,REVIEWED,WRATH,PVE,T7,NONE,T7,RAID,200,wrath-t7-naxx,REVIEWED_ITEMSET_RANGE_WRATH_T7_NAXX
itemset:795,795,true,REVIEWED,WRATH,PVE,T7,NONE,T7,RAID,200,wrath-t7-naxx,REVIEWED_ITEMSET_RANGE_WRATH_T7_NAXX
itemset:796,796,true,REVIEWED,WRATH,PVE,T7,NONE,T7,RAID,200,wrath-t7-naxx,REVIEWED_ITEMSET_RANGE_WRATH_T7_NAXX
itemset:797,797,true,REVIEWED,WRATH,PVE,T7,NONE,T7,RAID,200,wrath-t7-naxx,REVIEWED_ITEMSET_RANGE_WRATH_T7_NAXX
itemset:798,798,true,REVIEWED,WRATH,PVE,T7,NONE,T7,RAID,200,wrath-t7-naxx,REVIEWED_ITEMSET_RANGE_WRATH_T7_NAXX
itemset:799,799,true,REVIEWED,WRATH,PVE,T7,NONE,T7,RAID,200,wrath-t7-naxx,REVIEWED_ITEMSET_RANGE_WRATH_T7_NAXX
itemset:800,800,true,REVIEWED,WRATH,PVE,T7,NONE,T7,RAID,200,wrath-t7-naxx,REVIEWED_ITEMSET_RANGE_WRATH_T7_NAXX
itemset:801,801,true,REVIEWED,WRATH,PVE,T7,NONE,T7,HIGH,213,wrath-t7-naxx,REVIEWED_ITEMSET_RANGE_WRATH_T7_NAXX_HIGH_ITEM_LEVEL
itemset:802,802,true,REVIEWED,WRATH,PVE,T7,NONE,T7,RAID,200,wrath-t7-naxx,REVIEWED_ITEMSET_RANGE_WRATH_T7_NAXX
itemset:803,803,true,REVIEWED,WRATH,PVE,T7,NONE,T7,RAID,200,wrath-t7-naxx,REVIEWED_ITEMSET_RANGE_WRATH_T7_NAXX
itemset:804,804,true,REVIEWED,WRATH,PVE,T7,NONE,T7,RAID,200,wrath-t7-naxx,REVIEWED_ITEMSET_RANGE_WRATH_T7_NAXX
itemset:805,805,true,REVIEWED,WRATH,PVE,T7,NONE,T7,RAID,200,wrath-t7-naxx,REVIEWED_ITEMSET_RANGE_WRATH_T7_NAXX
itemset:812,812,true,UNKNOWN,UNKNOWN,UNKNOWN,NONE,NONE,,UNKNOWN,24.0,unclassified,NO_REVIEWED_ITEMSET_PRESENTATION_RULE
itemset:813,813,true,UNKNOWN,UNKNOWN,UNKNOWN,NONE,NONE,,UNKNOWN,187.0,unclassified,NO_REVIEWED_ITEMSET_PRESENTATION_RULE
itemset:814,814,true,UNKNOWN,UNKNOWN,UNKNOWN,NONE,NONE,,UNKNOWN,187.0,unclassified,NO_REVIEWED_ITEMSET_PRESENTATION_RULE
itemset:815,815,true,UNKNOWN,UNKNOWN,UNKNOWN,NONE,NONE,,UNKNOWN,187.0,unclassified,NO_REVIEWED_ITEMSET_PRESENTATION_RULE
itemset:816,816,true,UNKNOWN,UNKNOWN,UNKNOWN,NONE,NONE,,UNKNOWN,187.0,unclassified,NO_REVIEWED_ITEMSET_PRESENTATION_RULE
itemset:817,817,true,UNKNOWN,UNKNOWN,UNKNOWN,NONE,NONE,,UNKNOWN,187.0,unclassified,NO_REVIEWED_ITEMSET_PRESENTATION_RULE
itemset:818,818,true,UNKNOWN,UNKNOWN,UNKNOWN,NONE,NONE,,UNKNOWN,187.0,unclassified,NO_REVIEWED_ITEMSET_PRESENTATION_RULE
itemset:819,819,true,UNKNOWN,UNKNOWN,UNKNOWN,NONE,NONE,,UNKNOWN,187.0,unclassified,NO_REVIEWED_ITEMSET_PRESENTATION_RULE
itemset:820,820,true,REVIEWED,WRATH,PVE,T8,NONE,T8,RAID,219,wrath-t8-ulduar,REVIEWED_ITEMSET_RANGE_WRATH_T8_ULDUAR
itemset:821,821,true,REVIEWED,WRATH,PVE,T8,NONE,T8,HIGH,226,wrath-t8-ulduar,REVIEWED_ITEMSET_RANGE_WRATH_T8_ULDUAR_HIGH_ITEM_LEVEL
itemset:822,822,true,REVIEWED,WRATH,PVE,T8,NONE,T8,HIGH,226,wrath-t8-ulduar,REVIEWED_ITEMSET_RANGE_WRATH_T8_ULDUAR_HIGH_ITEM_LEVEL
itemset:823,823,true,REVIEWED,WRATH,PVE,T8,NONE,T8,HIGH,226,wrath-t8-ulduar,REVIEWED_ITEMSET_RANGE_WRATH_T8_ULDUAR_HIGH_ITEM_LEVEL
itemset:824,824,true,REVIEWED,WRATH,PVE,T8,NONE,T8,HIGH,226,wrath-t8-ulduar,REVIEWED_ITEMSET_RANGE_WRATH_T8_ULDUAR_HIGH_ITEM_LEVEL
itemset:825,825,true,REVIEWED,WRATH,PVE,T8,NONE,T8,HIGH,226,wrath-t8-ulduar,REVIEWED_ITEMSET_RANGE_WRATH_T8_ULDUAR_HIGH_ITEM_LEVEL
itemset:826,826,true,REVIEWED,WRATH,PVE,T8,NONE,T8,HIGH,226,wrath-t8-ulduar,REVIEWED_ITEMSET_RANGE_WRATH_T8_ULDUAR_HIGH_ITEM_LEVEL
itemset:827,827,true,REVIEWED,WRATH,PVE,T8,NONE,T8,RAID,219,wrath-t8-ulduar,REVIEWED_ITEMSET_RANGE_WRATH_T8_ULDUAR
itemset:828,828,true,REVIEWED,WRATH,PVE,T8,NONE,T8,RAID,219,wrath-t8-ulduar,REVIEWED_ITEMSET_RANGE_WRATH_T8_ULDUAR
itemset:829,829,true,REVIEWED,WRATH,PVE,T8,NONE,T8,RAID,219,wrath-t8-ulduar,REVIEWED_ITEMSET_RANGE_WRATH_T8_ULDUAR
itemset:830,830,true,REVIEWED,WRATH,PVE,T8,NONE,T8,RAID,219,wrath-t8-ulduar,REVIEWED_ITEMSET_RANGE_WRATH_T8_ULDUAR
itemset:831,831,true,REVIEWED,WRATH,PVE,T8,NONE,T8,RAID,219,wrath-t8-ulduar,REVIEWED_ITEMSET_RANGE_WRATH_T8_ULDUAR
itemset:832,832,true,REVIEWED,WRATH,PVE,T8,NONE,T8,HIGH,226,wrath-t8-ulduar,REVIEWED_ITEMSET_RANGE_WRATH_T8_ULDUAR_HIGH_ITEM_LEVEL
itemset:833,833,true,REVIEWED,WRATH,PVE,T8,NONE,T8,RAID,219,wrath-t8-ulduar,REVIEWED_ITEMSET_RANGE_WRATH_T8_ULDUAR
itemset:834,834,true,REVIEWED,WRATH,PVE,T8,NONE,T8,HIGH,226,wrath-t8-ulduar,REVIEWED_ITEMSET_RANGE_WRATH_T8_ULDUAR_HIGH_ITEM_LEVEL
itemset:835,835,true,REVIEWED,WRATH,PVE,T8,NONE,T8,HIGH,226,wrath-t8-ulduar,REVIEWED_ITEMSET_RANGE_WRATH_T8_ULDUAR_HIGH_ITEM_LEVEL
itemset:836,836,true,REVIEWED,WRATH,PVE,T8,NONE,T8,RAID,219,wrath-t8-ulduar,REVIEWED_ITEMSET_RANGE_WRATH_T8_ULDUAR
itemset:837,837,true,REVIEWED,WRATH,PVE,T8,NONE,T8,HIGH,226,wrath-t8-ulduar,REVIEWED_ITEMSET_RANGE_WRATH_T8_ULDUAR_HIGH_ITEM_LEVEL
itemset:838,838,true,REVIEWED,WRATH,PVE,T8,NONE,T8,HIGH,226,wrath-t8-ulduar,REVIEWED_ITEMSET_RANGE_WRATH_T8_ULDUAR_HIGH_ITEM_LEVEL
itemset:843,843,true,REVIEWED,WRATH,PVE,T9,NONE,T9,RAID,232,wrath-t9-toc,REVIEWED_ITEMSET_RANGE_WRATH_T9_TOC
itemset:844,844,true,REVIEWED,WRATH,PVE,T9,NONE,T9,RAID,232,wrath-t9-toc,REVIEWED_ITEMSET_RANGE_WRATH_T9_TOC
itemset:845,845,true,REVIEWED,WRATH,PVE,T9,NONE,T9,RAID,232,wrath-t9-toc,REVIEWED_ITEMSET_RANGE_WRATH_T9_TOC
itemset:846,846,true,REVIEWED,WRATH,PVE,T9,NONE,T9,RAID,232,wrath-t9-toc,REVIEWED_ITEMSET_RANGE_WRATH_T9_TOC
itemset:847,847,true,REVIEWED,WRATH,PVE,T9,NONE,T9,RAID,232,wrath-t9-toc,REVIEWED_ITEMSET_RANGE_WRATH_T9_TOC
itemset:848,848,true,REVIEWED,WRATH,PVE,T9,NONE,T9,RAID,232,wrath-t9-toc,REVIEWED_ITEMSET_RANGE_WRATH_T9_TOC
itemset:849,849,true,REVIEWED,WRATH,PVE,T9,NONE,T9,RAID,232,wrath-t9-toc,REVIEWED_ITEMSET_RANGE_WRATH_T9_TOC
itemset:850,850,true,REVIEWED,WRATH,PVE,T9,NONE,T9,RAID,232,wrath-t9-toc,REVIEWED_ITEMSET_RANGE_WRATH_T9_TOC
itemset:851,851,true,REVIEWED,WRATH,PVE,T9,NONE,T9,RAID,232,wrath-t9-toc,REVIEWED_ITEMSET_RANGE_WRATH_T9_TOC
itemset:852,852,true,REVIEWED,WRATH,PVE,T9,NONE,T9,RAID,232,wrath-t9-toc,REVIEWED_ITEMSET_RANGE_WRATH_T9_TOC
itemset:853,853,true,REVIEWED,WRATH,PVE,T9,NONE,T9,RAID,232,wrath-t9-toc,REVIEWED_ITEMSET_RANGE_WRATH_T9_TOC
itemset:854,854,true,REVIEWED,WRATH,PVE,T9,NONE,T9,RAID,232,wrath-t9-toc,REVIEWED_ITEMSET_RANGE_WRATH_T9_TOC
itemset:855,855,true,REVIEWED,WRATH,PVE,T9,NONE,T9,RAID,232,wrath-t9-toc,REVIEWED_ITEMSET_RANGE_WRATH_T9_TOC
itemset:856,856,true,REVIEWED,WRATH,PVE,T9,NONE,T9,RAID,232,wrath-t9-toc,REVIEWED_ITEMSET_RANGE_WRATH_T9_TOC
itemset:857,857,true,REVIEWED,WRATH,PVE,T9,NONE,T9,RAID,232,wrath-t9-toc,REVIEWED_ITEMSET_RANGE_WRATH_T9_TOC
itemset:858,858,true,REVIEWED,WRATH,PVE,T9,NONE,T9,RAID,232,wrath-t9-toc,REVIEWED_ITEMSET_RANGE_WRATH_T9_TOC
itemset:859,859,true,REVIEWED,WRATH,PVE,T9,NONE,T9,RAID,232,wrath-t9-toc,REVIEWED_ITEMSET_RANGE_WRATH_T9_TOC
itemset:860,860,true,REVIEWED,WRATH,PVE,T9,NONE,T9,RAID,232,wrath-t9-toc,REVIEWED_ITEMSET_RANGE_WRATH_T9_TOC
itemset:861,861,true,REVIEWED,WRATH,PVE,T9,NONE,T9,RAID,232,wrath-t9-toc,REVIEWED_ITEMSET_RANGE_WRATH_T9_TOC
itemset:862,862,true,REVIEWED,WRATH,PVE,T9,NONE,T9,RAID,232,wrath-t9-toc,REVIEWED_ITEMSET_RANGE_WRATH_T9_TOC
itemset:863,863,true,REVIEWED,WRATH,PVE,T9,NONE,T9,RAID,232,wrath-t9-toc,REVIEWED_ITEMSET_RANGE_WRATH_T9_TOC
itemset:864,864,true,REVIEWED,WRATH,PVE,T9,NONE,T9,RAID,232,wrath-t9-toc,REVIEWED_ITEMSET_RANGE_WRATH_T9_TOC
itemset:865,865,true,REVIEWED,WRATH,PVE,T9,NONE,T9,RAID,232,wrath-t9-toc,REVIEWED_ITEMSET_RANGE_WRATH_T9_TOC
itemset:866,866,true,REVIEWED,WRATH,PVE,T9,NONE,T9,RAID,232,wrath-t9-toc,REVIEWED_ITEMSET_RANGE_WRATH_T9_TOC
itemset:867,867,true,REVIEWED,WRATH,PVE,T9,NONE,T9,RAID,232,wrath-t9-toc,REVIEWED_ITEMSET_RANGE_WRATH_T9_TOC
itemset:868,868,true,REVIEWED,WRATH,PVE,T9,NONE,T9,RAID,232,wrath-t9-toc,REVIEWED_ITEMSET_RANGE_WRATH_T9_TOC
itemset:869,869,true,REVIEWED,WRATH,PVE,T9,NONE,T9,RAID,232,wrath-t9-toc,REVIEWED_ITEMSET_RANGE_WRATH_T9_TOC
itemset:870,870,true,REVIEWED,WRATH,PVE,T9,NONE,T9,RAID,232,wrath-t9-toc,REVIEWED_ITEMSET_RANGE_WRATH_T9_TOC
itemset:871,871,true,REVIEWED,WRATH,PVE,T9,NONE,T9,RAID,232,wrath-t9-toc,REVIEWED_ITEMSET_RANGE_WRATH_T9_TOC
itemset:872,872,true,REVIEWED,WRATH,PVE,T9,NONE,T9,RAID,232,wrath-t9-toc,REVIEWED_ITEMSET_RANGE_WRATH_T9_TOC
itemset:873,873,true,REVIEWED,WRATH,PVE,T9,NONE,T9,RAID,232,wrath-t9-toc,REVIEWED_ITEMSET_RANGE_WRATH_T9_TOC
itemset:874,874,true,REVIEWED,WRATH,PVE,T9,NONE,T9,RAID,232,wrath-t9-toc,REVIEWED_ITEMSET_RANGE_WRATH_T9_TOC
itemset:875,875,true,REVIEWED,WRATH,PVE,T9,NONE,T9,RAID,232,wrath-t9-toc,REVIEWED_ITEMSET_RANGE_WRATH_T9_TOC
itemset:876,876,true,REVIEWED,WRATH,PVE,T9,NONE,T9,RAID,232,wrath-t9-toc,REVIEWED_ITEMSET_RANGE_WRATH_T9_TOC
itemset:877,877,true,REVIEWED,WRATH,PVE,T9,NONE,T9,RAID,232,wrath-t9-toc,REVIEWED_ITEMSET_RANGE_WRATH_T9_TOC
itemset:878,878,true,REVIEWED,WRATH,PVE,T9,NONE,T9,RAID,232,wrath-t9-toc,REVIEWED_ITEMSET_RANGE_WRATH_T9_TOC
itemset:879,879,true,REVIEWED,WRATH,PVE,T9,NONE,T9,RAID,232,wrath-t9-toc,REVIEWED_ITEMSET_RANGE_WRATH_T9_TOC
itemset:880,880,true,REVIEWED,WRATH,PVE,T9,NONE,T9,RAID,232,wrath-t9-toc,REVIEWED_ITEMSET_RANGE_WRATH_T9_TOC
itemset:881,881,false,UNKNOWN,UNKNOWN,UNKNOWN,NONE,NONE,,UNKNOWN,232.0,unclassified,NO_REVIEWED_ITEMSET_PRESENTATION_RULE
itemset:882,882,false,UNKNOWN,UNKNOWN,UNKNOWN,NONE,NONE,,UNKNOWN,245.0,unclassified,NO_REVIEWED_ITEMSET_PRESENTATION_RULE
itemset:883,883,true,REVIEWED,WRATH,PVE,T10,NONE,T10,RAID,251,wrath-t10-icc,REVIEWED_ITEMSET_RANGE_WRATH_T10_ICC
itemset:884,884,true,REVIEWED,WRATH,PVE,T10,NONE,T10,RAID,251,wrath-t10-icc,REVIEWED_ITEMSET_RANGE_WRATH_T10_ICC
itemset:885,885,true,REVIEWED,WRATH,PVE,T10,NONE,T10,RAID,251,wrath-t10-icc,REVIEWED_ITEMSET_RANGE_WRATH_T10_ICC
itemset:886,886,true,REVIEWED,WRATH,PVE,T10,NONE,T10,RAID,251,wrath-t10-icc,REVIEWED_ITEMSET_RANGE_WRATH_T10_ICC
itemset:887,887,true,REVIEWED,WRATH,PVE,T10,NONE,T10,RAID,251,wrath-t10-icc,REVIEWED_ITEMSET_RANGE_WRATH_T10_ICC
itemset:888,888,true,REVIEWED,WRATH,PVE,T10,NONE,T10,RAID,251,wrath-t10-icc,REVIEWED_ITEMSET_RANGE_WRATH_T10_ICC
itemset:889,889,true,REVIEWED,WRATH,PVE,T10,NONE,T10,RAID,251,wrath-t10-icc,REVIEWED_ITEMSET_RANGE_WRATH_T10_ICC
itemset:890,890,true,REVIEWED,WRATH,PVE,T10,NONE,T10,RAID,251,wrath-t10-icc,REVIEWED_ITEMSET_RANGE_WRATH_T10_ICC
itemset:891,891,true,REVIEWED,WRATH,PVE,T10,NONE,T10,RAID,251,wrath-t10-icc,REVIEWED_ITEMSET_RANGE_WRATH_T10_ICC
itemset:892,892,true,REVIEWED,WRATH,PVE,T10,NONE,T10,RAID,251,wrath-t10-icc,REVIEWED_ITEMSET_RANGE_WRATH_T10_ICC
itemset:893,893,true,REVIEWED,WRATH,PVE,T10,NONE,T10,RAID,251,wrath-t10-icc,REVIEWED_ITEMSET_RANGE_WRATH_T10_ICC
itemset:894,894,true,REVIEWED,WRATH,PVE,T10,NONE,T10,RAID,251,wrath-t10-icc,REVIEWED_ITEMSET_RANGE_WRATH_T10_ICC
itemset:895,895,true,REVIEWED,WRATH,PVE,T10,NONE,T10,RAID,251,wrath-t10-icc,REVIEWED_ITEMSET_RANGE_WRATH_T10_ICC
itemset:896,896,true,REVIEWED,WRATH,PVE,T10,NONE,T10,RAID,251,wrath-t10-icc,REVIEWED_ITEMSET_RANGE_WRATH_T10_ICC
itemset:897,897,true,REVIEWED,WRATH,PVE,T10,NONE,T10,RAID,251,wrath-t10-icc,REVIEWED_ITEMSET_RANGE_WRATH_T10_ICC
itemset:898,898,true,REVIEWED,WRATH,PVE,T10,NONE,T10,RAID,251,wrath-t10-icc,REVIEWED_ITEMSET_RANGE_WRATH_T10_ICC
itemset:899,899,true,REVIEWED,WRATH,PVE,T10,NONE,T10,RAID,251,wrath-t10-icc,REVIEWED_ITEMSET_RANGE_WRATH_T10_ICC
itemset:900,900,true,REVIEWED,WRATH,PVE,T10,NONE,T10,RAID,251,wrath-t10-icc,REVIEWED_ITEMSET_RANGE_WRATH_T10_ICC
itemset:901,901,true,REVIEWED,WRATH,PVE,T10,NONE,T10,RAID,251,wrath-t10-icc,REVIEWED_ITEMSET_RANGE_WRATH_T10_ICC
